CREATE DATABASE University DEFAULT CHARACTER SET=utf8;
USE University;

CREATE TABLE Department(
	id INT PRIMARY KEY NOT NULL,
    name VARCHAR(50),
    code VARCHAR(4),
    UNIQUE(id)
);

CREATE TABLE Course (
	id VARCHAR(10) PRIMARY KEY NOT Null,
    name VARCHAR(60),
    textbook VARCHAR(100),
    credits INT,
    is_active VARCHAR(10),
    department_id INT,
    CONSTRAINT course_department_id_fkey FOREIGN KEY(department_id) REFERENCES Department(id),
    UNIQUE (id)
);

CREATE TABLE Faculty (
	id INT PRIMARY KEY NOT Null,
    name VARCHAR(60),
    national_id BIGINT NOT Null,
    position VARCHAR(30),
    start_date DATE,
    end_date DATE,
    department_id INT,
    active BOOLEAN DEFAULT true,
    CONSTRAINT faculty_department_id_fkey FOREIGN KEY(department_id) REFERENCES Department(id),
    UNIQUE (id)
);

CREATE TABLE Teaching(
	id INT PRIMARY KEY NOT Null,
    role VARCHAR(60),
    semester VARCHAR(30),
    year INT,
    course_id VARCHAR(10),
    faculty_id INT,
    CONSTRAINT teaching_course_id_fkey FOREIGN KEY(course_id) REFERENCES Course(id),
    CONSTRAINT teaching_faculty_id_fkey FOREIGN KEY(faculty_id) REFERENCES Faculty(id),
    UNIQUE (id)
);

CREATE TABLE Student(
	id INT PRIMARY KEY NOT Null,
    name VARCHAR(60),
    national_id BIGINT NOT Null,
    birth_date DATE,
    enrollment_date DATE,
    graduation_date DATE,
    gpa FLOAT,
    UNIQUE (id)
);

CREATE TABLE Exam(
	id INT PRIMARY KEY NOT Null,
    semester VARCHAR(30),
    exam_date DATE,
    grade VARCHAR(2),
    course_id VARCHAR(10),
    student_id INT,
    CONSTRAINT exam_student_id_fkey FOREIGN KEY(student_id) REFERENCES Student(id),
    CONSTRAINT exam_course_id_fkey FOREIGN KEY(course_id) REFERENCES Course(id),
    UNIQUE (id)
);

CREATE TABLE Program(
	id INT PRIMARY KEY NOT Null,
    name VARCHAR(50),
    description VARCHAR(250),
    start_date DATE,
    end_date DATE,
    type VARCHAR(20),
    department_id INT,
    CONSTRAINT program_department_id_fkey FOREIGN KEY(department_id) REFERENCES Department(id),
    UNIQUE (id)
);

CREATE TABLE Specification(
	id INT PRIMARY KEY NOT Null,
    status VARCHAR(20),
    course_id VARCHAR(10),
    program_id INT,
    CONSTRAINT specification_course_id_fkey FOREIGN KEY(course_id) REFERENCES Course(id),
    CONSTRAINT specification_program_id_fkey FOREIGN KEY(program_id) REFERENCES Program(id),
    UNIQUE (id)
);

CREATE TABLE Prerequisite(
	id INT PRIMARY KEY NOT Null,
    course_id VARCHAR(10),
    prerequisite_id VARCHAR(10) not null,
    CONSTRAINT prerequisite_course_id_fkey FOREIGN KEY(course_id) REFERENCES Course(id),
    CONSTRAINT prerequisite_prerequisite_id_fkey FOREIGN KEY(prerequisite_id) REFERENCES Course(id),
    UNIQUE (id)
);

CREATE TABLE Registration(
	id INT PRIMARY KEY NOT Null,
    semester VARCHAR(30),
    year INT,
    reg_datetime DATETIME,
    course_id VARCHAR(10),
    student_id INT,
    CONSTRAINT registration_course_id_fkey FOREIGN KEY(course_id) REFERENCES Course(Id),
    CONSTRAINT registration_student_id_fkey FOREIGN KEY(student_id) REFERENCES Student(id),
    UNIQUE (id)
);



INSERT INTO Department (id, name, code) VALUES
	(1, 'Computer Science', 'CS'),
	(2, 'Electronics and Communications', 'EC'),
	(3, 'Mechanical Engineering', 'ME'),
	(4, 'Civil Engineering', 'CE'),
	(5, 'Mathematics', 'MA');

-- Insert in Course for CS
INSERT INTO Course (id, name, textbook, credits, is_active, department_id) VALUES
  ('CS111', 'Introduction to Operating Systems', 'OS by Tanenbaum', 7, 'Yes', '1'),
  ('CS112', 'Introduction to Real Time Operating Systems', 'Real-Time Operating Systems Book 1: The Theory by Cooling', 7, 'Yes', '1'),
  ('CS113', 'Introduction to Computer Architecture', 'Computer Architecture by Patterson', 7, 'Yes', '1'),
  ('CS211', 'Operating Systems: Intermediate', 'OS by Tanenbaum', 7, 'Yes', '1'),
  ('CS212', 'Real Time Operating Systems: Intermediate', 'Real-Time Operating Systems Book 1: The Theory by Cooling', 7, 'Yes', '1'),
  ('CS213', 'Computer Architecture: Intermediate', 'Computer Architecture by Patterson', 7, 'Yes', '1'),

  ('CS411', 'Advanced Operating Systems', 'OS by Tanenbaum', 5, 'Yes', '1'),
  ('CS511', 'Distributed Systems', 'OS by Tanenbaum', 5, 'Yes', '1'),
  ('CS413', 'Advanced Computer Architecture', 'Computer Architecture by Patterson', 5, 'Yes', '1'),

  ('CS121', 'Introduction to Databases', 'Database Systems: The Complete Book', 7, 'Yes', '1'),
  ('CS122', 'Relational Databases', 'Database Systems: The Complete Book', 7, 'No', '1'),
  ('CS123', 'Introduction to Structured Query Language', 'Database Systems: The Complete Book', 7, 'Yes', '1'),
  ('CS221', 'Intermediate: Structured Query Language', 'Database Systems: The Complete Book', 7, 'Yes', '1'),
  ('CS222', 'Intermediate PostgreSQL', 'Database Systems: The Complete Book', 7, 'Yes', '1'),  
  ('CS421', 'Advanced Database Concepts', 'Database Internals: A Deep Dive Into How Distributed Data Systems Work', 5, 'Yes', '1'),
  ('CS422', 'Advanced Relational Databases', 'Database Systems: The Complete Book', 5, 'Yes', '1'),

  ('CS131', 'Introduction to Data Structures', 'Introduction to Algorithms', 7, 'Yes', '1'),
  ('CS132', 'Introduction to Algorithms', 'Introduction to Algorithms', 7, 'Yes', '1'),
  ('CS231', 'Data Structures: Intermediate Level', 'Introduction to Algorithms', 7, 'Yes', '1'),
  ('CS232', 'Algorithms: Intermediate Level', 'Introduction to Algorithms', 7, 'Yes', '1'),
  ('CS235', 'Planar Graphs', 'Graph Theory by Diestel', 7, 'Yes', '1'),
  ('CS531', 'Advanced Data Structures', 'Introduction to Algorithms', 5, 'Yes', '1'),
  ('CS532', 'Advanced Algorithms', 'Introduction to Algorithms', 5, 'Yes', '1'),
  ('CS535', 'Non-Planar Graphs', 'Graph Theory by Diestel', 5, 'No', '1'),
  
  ('CS141', 'Statistical Machine Learning', 'Statistical Machine Learning: A Unified Framework', 7, 'Yes', '1'),
  ('CS142', 'Theory of Machine Learning', 'Machine Learning by Ethem', 7, 'Yes', '1'),
  ('CS241', 'Reinforcement Learning', 'Reinforcement Learning: An Introduction',7, 'Yes', '1'),
  ('CS242', 'Theory of Deep Learning', 'Deep Learning by Yoshua', 7, 'Yes', '1'),  
  ('CS441', 'Advanced Machine Learning', 'Recent Research Papers', 5, 'Yes', '1'),
  ('CS442', 'Advances in Deep Learning', 'Recent Research Papers', 5, 'No', '1'),
  ('CS443', 'Advanced Reinforcement Learning', 'Reinforcement Learning', 5, 'Yes', '1');

-- Insert for EC
INSERT INTO Course (id, name, textbook, credits, is_active, department_id) VALUES
  ('EC111', 'Principles of Communication', 'Principles Of Communications: System Modulation And Noise', 7, 'Yes', '2'),
  ('EC121', 'Signal and Systems', 'Signals and Systems by Oppenheim', 7, 'Yes', '2'),
  ('EC131', 'Electronics-I', 'Power Electronics', 7, 'Yes', '2'),
  ('EC141', 'Modeling Tools for Electronics Engineers', 'Modeling Tools', 7, 'Yes', '2'),
  ('EC151', 'Statistics for Electronics Engineers', 'Advanced Statistics', 7, 'Yes', '2'),
  ('EC211', 'Principles of Communication-II', 'Principles Of Communications: System Modulation And Noise', 7, 'Yes', '2'),
  ('EC221', 'Digital Signal Processing', 'Digital Signal Processing: Principles, Algorithms, and Applications', 7, 'Yes', '2'),
  ('EC222', 'Introduction to Programming Matlab', 'Matlab: an Introduction', 7, 'Yes', '2'),
  ('EC231', 'Electronics-II', 'Power Electronics', 7, 'Yes', '2'),   
  ('EC411', 'Principles of Communication-III', 'Principles Of Communications: System Modulation And Noise', 5, 'Yes', '2'),
  ('EC421', 'Advanced Signal and Systems', 'Signals and Systems', 5, 'Yes', '2'),
  ('EC431', 'Electronics-III', 'Power Electronics', 5, 'Yes', '2');

-- Insert for MA
INSERT INTO Course (id, name, textbook, credits, is_active, department_id) VALUES
  ('MA111', 'Linear Algebra', 'Introduction to Linear Algebra by Strang', 7, 'Yes', '5'),
  ('MA131', 'Introduction to Calculus', 'Advanced Calculus of Several Variables', 7, 'Yes', '5'),
  ('MA142', 'Introduction to Programming', 'Art of Programming', 7, 'Yes', '5'),
  ('MA121', 'Discrete Maths-I', 'Discrete Mathematics and Its Applications', 7, 'Yes', '5'),
  ('MA141', 'Introduction to Optimizaton', 'An Introduction to Optimization', 7, 'Yes', '5'),
  ('MA122', 'Introduction to Graduate Mathematics', 'Introduction to College Mathematics', 7, 'Yes', '5'),

  ('MA211', 'Linear Algebra-II', 'Introduction to Linear Algebra by Strang',7, 'Yes', '5'),
  ('MA221', 'Discrete Maths-II', 'Discrete Mathematics and Its Applications', 7, 'Yes', '5'),
  ('MA231', 'Calculus: Intermediate', 'Advanced Calculus of Several Variables', 7, 'Yes', '5'),
  ('MA241', 'Convex Optimizaton', 'An Introduction to Optimization', 7, 'No', '5'),

  ('MA411', 'Linear Algebra-III', 'Introduction to Linear Algebra by Strang', 5, 'Yes', '5'),
  ('MA421', 'Discrete Maths-III', 'Discrete Mathematics and Its Applications', 5, 'Yes', '5'),
  ('MA431', 'Advanced Calculus', 'Advanced Calculus by Petrovic', 5, 'Yes', '5'),
  ('MA441', 'Advanced Optimizaton', 'Numerical Optimization', 5, 'No', '5');

-- Insert for ME
INSERT INTO Course (id, name, textbook, credits, is_active, department_id) VALUES
  ('ME111', 'Advanced Dynamics: Introduction', 'Advanced Dynamics by Donald', 7, 'Yes', '3'),
  ('ME121', 'Nanotechnology-I', 'Introduction to Nanotechnology by Owens', 7, 'Yes', '3'),
  ('ME131', 'Introduction to Operations Management', 'Operations Management by Stevenson', 7, 'Yes', '3'),
  ('ME141', 'Modeling Tools for Mechanical Engineers', 'Modeling Tools', 7, 'Yes', '3'),
  ('ME151', 'Statistics for Mechanical Engineers', 'Advanced Statistics', 7, 'Yes', '3'),
  ('ME161', 'Supply Chain Management', 'Supply Chain Management: Strategy, Planning, and Operation by Chopra', 7, 'Yes', '3'),

  ('ME211', 'Advanced Dynamics-II', 'Advanced Dynamics by Donald', 7, 'Yes', '3'),
  ('ME221', 'Nanotechnology-II', 'Advanced Magnetic Nanostructures by Sellmyer and Skomski', 7, 'Yes', '3'),

  ('ME411', 'Advanced Dynamics: Special Module', 'Advanced Dynamics by Donald', 5, 'Yes', '3'),
  ('ME421', 'Nanotechnology-III', 'Recent Research Papers', 5, 'Yes', '3'),
  ('ME431', 'Advanced Operations Management', 'Operations Management: Processes and Supply Chains', 5, 'Yes', '3');

-- Insert for CE
INSERT INTO Course (id, name, textbook, credits, is_active, department_id) VALUES
  ('CE111', 'Introduction to Structural Engineering', 'Structures : Or Why Things Don''t Fall Down by Gordon', 7, 'Yes', '4'),
  ('CE121', 'Geotechnical Engineering-I', 'Introduction to Geotechnical Engineering by Das and Sivakugan', 7, 'Yes', '4'),
  ('CE131', 'Mechanics of Solids-I', 'Mechanics of Solids by Ross', 7, 'Yes', '4'),
  ('CE141', 'Mechanics of Fluids-I', 'Mechanics of Fluids by Smith', 7, 'Yes', '4'),
  ('CE151', 'Modeling Tools for Civil Engineers', 'Modeling Tools', 7, 'Yes', '4'),
  ('CE161', 'Statistics for Civil Engineers', 'Advanced Statistics', 7, 'Yes', '4'),

  ('CE221', 'Geotechnical Engineering-II', 'Geotechnical Engineering: Principles and Practices by Coduto', 7, 'Yes', '4'),
  ('CE231', 'Mechanics of Solids-II', 'Engineering Mechanics: Solids by Egor', 7, 'Yes', '4'),
  ('CE241', 'Mechanics of Fluids-II', 'Theoretical Fluid Mechanics', 7, 'Yes', '4'),

  ('CE511', 'Advanced Structural Engineering', 'Recent Research Papers', 5, 'No', '4'),
  ('CE421', 'Geotechnical Engineering-III', 'Advanced Geotechnical Engineering by Desai et. al', 5, 'Yes', '4'),
  ('CE431', 'Mechanics of Solids-III', 'Advanced Mechanics of Solids by Srinath', 5, 'Yes', '4'),
  ('CE441', 'Mechanics of Fluids-III', 'Advanced Fluid Mechanics by Graebel', 5, 'Yes', '4');


INSERT INTO Faculty(id, name, national_id, position, start_date, end_date, department_id) VALUES
  (1, 'Anubha Gupta', 1018901231, 'Professor', '2010-1-11', '2027-3-11', 2),
  (2, 'Anubha Gupta', 1018901231, 'Associate Professor', '2007-1-9', '2010-1-10', 2),
  (3, 'Anubha Gupta', 1018901231, 'Assistant Professor', '2004-5-11', '2007-1-8', 2),
  (21, 'Peter Pan', 2130989011, 'Professor', '2007-5-11', NULL, 2),
  (22, 'Peter Pan', 2130989011, 'Associate Professor', '2004-7-11', '2007-5-10', 2),
  (23, 'Peter Pan', 2130989011, 'Assistant Professor', '2001-5-11', '2004-7-10', 2),
  (33, 'Nando de Fretas', 3130901341, 'Associate Professor', '2023-3-11', '2025-4-8', 2),
  (34, 'Nando de Fretas', 3130901341, 'Assistant Professor', '2020-5-17', '2023-3-10', 2),
  (41, 'Robert Ludloo', 3031201441, 'Assistant Professor', '2017-5-11', NULL, 2),
  (42, 'Robert Ludloo', 3031201441, 'Teaching Assistant', '2014-5-11', '2017-5-10', 2),
  (51, 'Vikram Goyal', 6541236090, 'Professor', '2016-1-11', NULL, 2),
  (52, 'Vikram Goyal', 6541236090, 'Associate Professor', '2012-3-20', '2016-3-10', 2),
  (53, 'Vikram Goyal', 6541236090, 'Assistant Professor', '2009-3-12', '2012-3-19', 2),
  (54, 'Vikram Goyal', 6541236090, 'Teaching Assistant', '2006-1-11', '2009-3-11', 2),
  (100, 'Score Koli', 3221114041, 'Teaching Assistant', '2021-1-11', '2023-3-20', 2),
  (101, 'Schroger Ken', 3251113041, 'Teaching Assistant', '2023-1-3', NULL, 2),
  (102, 'Schidt Kraus', 3112124041, 'Teaching Assistant', '2022-1-11', NULL, 2),

  (111, 'AV Subramanium', 1340902317, 'Assistant Professor', '2011-5-11', NULL, 1),
  (121, 'Risa Sodi', 1409239017, 'Associate Professor', '2010-1-11', NULL, 1),
  (122, 'Risa Sodi', 1409239017, 'Assistant Professor', '2008-4-8', '2010-1-10', 1),
  (131, 'Wlliam Liu', 231456789, 'Professor', '2015-5-12', NULL, 1),
  (132, 'Wlliam Liu', 231456789, 'Associate Professor', '2009-2-11', '2015-5-11', 1),
  (133, 'Wlliam Liu', 231456789, 'Assistant Professor', '2006-3-22', '2009-2-10', 1),
  (134, 'Wlliam Liu', 231456789, 'Teaching Assistant', '2003-5-11', '2006-3-21', 1),
  (221,  'Cormen Qiu', 1040902317, 'Professor', '2013-3-11', NULL, 1),
  (225, 'Ajit Singh', 1302632117, 'Assistant Professor', '2012-5-11', '2024-6-8', 1),
  (226, 'Ajit Singh', 1302632117, 'Teaching Assistant', '2009-5-11', '2012-5-10', 1),
  (227, 'Sam Wilson', 3021632117, 'Professor', '2021-5-11', NULL, 1),
  (228, 'Sam Wilson', 3021632117, 'Associate Professor', '2018-2-10', '2021-5-10', 1),
  (229, 'Liu Lian', 2163202117, 'Associate Professor', '2019-2-10', NULL, 1),
  (230, 'Kiu Chi', 3163218917, 'Assistant Professor', '2020-12-10', NULL, 1),

  (300, 'Milos Simic', 9875511222, 'Teaching Assistant', '2022-4-11', NULL, 1),
  (301, 'Ritu Jain', 1347551122, 'Teaching Assistant', '2022-4-11', '2024-12-19', 1),
  (302, 'Reera Soi', 7309551122, 'Teaching Assistant', '2022-7-10', '2023-12-23', 1),
  (303, 'Michael Albin', 3147551122, 'Teaching Assistant', '2022-4-11', '2025-12-12', 1),
  (304, 'Tahir Hussain', 8569551122, 'Teaching Assistant', '2021-12-10', NULL, 1),
  (305, 'Michael Albin', 5637551122, 'Teaching Assistant', '2021-4-11', '2025-12-12', 1),  

  (401, 'Vini Joseph', 9028291011, 'Professor', '2015-2-12', NULL, 3),
  (402, 'Vini Joseph', 9028291011, 'Associate Professor', '2015-2-11', '2012-9-9', 3),
  (421, 'Brandon Fraser', 2314561011, 'Assistant Professor', '2013-8-11', NULL, 3),
  (431, 'Thomas Cook', 7734139012, 'Associate Professor', '2016-10-11', NULL, 3),
  (432, 'Thomas Cook', 7734139012, 'Assistant Professor', '2013-3-11', '2016-10-10', 3), 
  (441, 'Steven Joe', 1567230978, 'Professor', '2019-9-11', NULL, 3),
  (451, 'Rick Ponting', 6605504403, 'Assistant Professor', '2020-11-11', NULL, 3),
  (510, 'Ranold Krose', 2314553301, 'Teaching Assistant', '2021-9-11', NULL, 3),
  (511, 'Rini Sen', 1423553301, 'Teaching Assistant', '2022-6-11', NULL, 3),
  (512, 'Casper Jones', 4253513301, 'Teaching Assistant', '2021-4-11', NULL, 3),
  
  (601, 'Sussie Smith', 1657230918, 'Professor', '2019-1-11', '2027-2-18', 5),
  (602, 'Sussie Smith', 1657230918, 'Associate Professor', '2015-10-11', '2019-1-10', 5),
  (603, 'Sussie Smith', 1657230918, 'Assistant Professor', '2012-1-9', '2015-10-10', 5),
  (621, 'Badrinath Ho', 2010111987, 'Professor', '2016-3-11', NULL, 5),
  (631, 'Theiry Kerry', 2110118447, 'Associate Professor', '2019-4-11', NULL, 5),
  (641, 'Steve Joseph', 1314567655, 'Assistant Professor', '2021-6-23', NULL, 5),
  (642, 'Steve Joseph', 1314567655, 'Teaching Assistant', '2019-3-11', '2021-6-23', 5),  
  (651, 'Rina Anderson', 1902341504, 'Assistant Professor', '2020-9-11', '2026-7-8', 5),
  (652, 'Rina Anderson', 1902341504, 'Teaching Assistant', '2017-9-11', '2020-9-10', 5),
  (671, 'Rosita Klaus', 1234015024,  'Teaching Assistant', '2023-1-8', '2024-2-2', 5),
  (672, 'Ballu Singh', 2134105024,  'Teaching Assistant', '2022-12-11', '2024-2-2', 5),
  (673, 'Rory Ross', 4021351024,  'Teaching Assistant', '2022-11-11', '2024-2-2', 5),

  (681, 'Vin Diesel', 1331405624, 'Professor', '2014-1-11', NULL, 4),
  (682, 'Vin Diesel', 1331405624, 'Associate Professor', '2009-1-11', '2014-1-10', 4),
  (691, 'Brandon Ford', 2131435609, 'Assistant Professor', '2013-1-11', NULL, 4),
  (703, 'Thor Cookie', 1112125129, 'Associate Professor', '2016-1-11', NULL, 4),
  (724, 'Stove Joseph', 1010101332, 'Professor', '2019-1-11', '2025-2-8', 4),
  (725, 'Stove Joseph', 1010101332, 'Associate Professor', '2015-12-10', '2019-1-10', 4),
  (726, 'Stove Joseph', 1010101332, 'Assistant Professor', '2011-2-9', '2015-12-9', 4),
  (727, 'Stove Joseph', 1010101332, 'Teaching Assistant', '2008-3-11', '2011-2-8', 4),
  (715, 'Ron Parry', 2032145096, 'Assistant Professor', '2020-1-11', NULL, 4),
  (716, 'Ron Parry', 2032145096, 'Teaching Assistant', '2018-1-09', '2020-1-10', 4),
  (739, 'Karen Walter', 2314657876, 'Teaching Assistant', '2022-11-11', NULL, 4),
  (740, 'Kira Wass', 2314623876, 'Teaching Assistant', '2021-9-11', NULL, 4),
  (741, 'Sophia Ker', 2314437876, 'Teaching Assistant', '2022-8-11', NULL, 4);

-- insert for Teaching for CE department for 2022, 2023
INSERT INTO Teaching(id, role, semester, year, course_id, faculty_id) VALUES
-- 2022 Spring
  (4001, 'Instructor', 'SPRING', 2022, 'CE111', 681),
  (4002, 'TA', 'SPRING', 2022, 'CE111', 739),
  (4003, 'Instructor', 'SPRING', 2022, 'CE121', 691),
  (4004, 'TA', 'SPRING', 2022, 'CE121', 740),
  (4005, 'Instructor', 'SPRING', 2022, 'CE131', 703),
  (4006, 'TA', 'SPRING', 2022, 'CE131', 741),
  (4007, 'Instructor', 'SPRING', 2022, 'CE141', 724),
  (4008, 'TA', 'SPRING', 2022, 'CE141', 739),
  (4009, 'Instructor', 'SPRING', 2022, 'CE151', 724),
  (4010, 'TA', 'SPRING', 2022, 'CE151', 741),
  (4011, 'Instructor', 'SPRING', 2022, 'CE161', 715),
  (4012, 'TA', 'SPRING', 2022, 'CE161', 740),
  (4013, 'Instructor', 'SPRING', 2022, 'CE221', 691),
  (4014, 'TA', 'SPRING', 2022, 'CE221', 739),
  (4015, 'Instructor', 'SPRING', 2022, 'CE231', 681),
  (4016, 'TA', 'SPRING', 2022, 'CE231', 740),
  (4017, 'Instructor', 'SPRING', 2022, 'CE241', 715),
  (4018, 'TA', 'SPRING', 2022, 'CE241', 741),
  (4019, 'Instructor', 'SPRING', 2022, 'CE421', 703),
  (4020, 'TA', 'SPRING', 2022, 'CE421', 741),
  (4021, 'Instructor', 'SPRING', 2022, 'CE431', 691),
  (4022, 'TA', 'SPRING', 2022, 'CE431', 740),
  (4023, 'Instructor', 'SPRING', 2022, 'CE441', 715),
  (4024, 'TA', 'SPRING', 2022, 'CE441', 739),
  -- 2022 Fall
  (4100, 'Instructor', 'FALL', 2022, 'CE121', 681),
  (4101, 'TA', 'FALL', 2022, 'CE121', 741),
  (4102, 'Instructor', 'FALL', 2022, 'CE131', 724),
  (4103, 'TA', 'FALL', 2022, 'CE131', 740),
  (4105, 'Instructor', 'FALL', 2022, 'CE141', 703),
  (4106, 'TA', 'FALL', 2022, 'CE141', 739),  
  (4107, 'Instructor', 'FALL', 2022, 'CE151', 724),
  (4108, 'TA', 'FALL', 2022, 'CE151', 741),   
  (4109, 'Instructor', 'FALL', 2022, 'CE161', 703),
  (4110, 'TA', 'FALL', 2022, 'CE161', 740),
  (4111, 'Instructor', 'FALL', 2022, 'CE221', 681),
  (4112, 'TA', 'FALL', 2022, 'CE221', 739),
  (4113, 'Instructor', 'FALL', 2022, 'CE231', 691),
  (4114, 'TA', 'FALL', 2022, 'CE231', 739),
  (4115, 'Instructor', 'FALL', 2022, 'CE241', 715),
  (4116, 'TA', 'FALL', 2022, 'CE241', 740),
  (4117, 'Instructor', 'FALL', 2022, 'CE421', 703),
  (4118, 'TA', 'FALL', 2022, 'CE421', 741),
  (4119, 'Instructor', 'FALL', 2022, 'CE431', 691),
  (4120, 'TA', 'FALL', 2022, 'CE431', 739),
  (4121, 'Instructor', 'FALL', 2022, 'CE441', 715),
  (4122, 'TA', 'FALL', 2022, 'CE441', 740),
  -- 2023 Spring
  (4201, 'Instructor', 'SPRING', 2023, 'CE111', 681),
  (4202, 'TA', 'SPRING', 2023, 'CE111', 740),
  (4203, 'Instructor', 'SPRING', 2023, 'CE121', 691),
  (4204, 'TA', 'SPRING', 2023, 'CE121', 741),
  (4205, 'Instructor', 'SPRING', 2023, 'CE131', 703),
  (4206, 'TA', 'SPRING', 2023, 'CE131', 739),  
  (4207, 'Instructor', 'SPRING', 2023, 'CE141', 724),
  (4208, 'TA', 'SPRING', 2023, 'CE141', 739),   
  (4209, 'Instructor', 'SPRING', 2023, 'CE151', 703),
  (4210, 'TA', 'SPRING', 202, 'CE151', 740),
  (4211, 'Instructor', 'SPRING', 2023, 'CE161', 691),
  (4212, 'TA', 'SPRING', 2023, 'CE161', 741),  
  (4213, 'Instructor', 'SPRING', 2023, 'CE221', 691),
  (4214, 'TA', 'SPRING', 2023, 'CE221', 739), 
  (4215, 'Instructor', 'SPRING', 2023, 'CE231', 681),
  (4216, 'TA', 'SPRING', 2023, 'CE231', 741), 
  (4217, 'Instructor', 'SPRING', 2023, 'CE241', 715),
  (4218, 'TA', 'SPRING', 2023, 'CE241', 739), 
  (4219, 'Instructor', 'SPRING', 2023, 'CE421', 724),
  (4220, 'TA', 'SPRING', 2023, 'CE421', 740),
  (4221, 'Instructor', 'SPRING', 2023, 'CE431', 691),
  (4222, 'TA', 'SPRING', 2023, 'CE431', 740), 
  (4223, 'Instructor', 'SPRING', 2023, 'CE441', 715),
  (4224, 'TA', 'SPRING', 2023, 'CE441', 739),
  -- 2023 FALL
  (4300, 'Instructor', 'FALL', 2023, 'CE121', 724),
  (4301, 'TA', 'FALL', 2023, 'CE121', 739),
  (4302, 'Instructor', 'FALL', 2023, 'CE131', 724),
  (4303, 'TA', 'FALL', 2023, 'CE131', 739),
  (4304, 'Instructor', 'FALL', 2023, 'CE141', 703),
  (4305, 'TA', 'FALL', 2023, 'CE141', 740),
  (4306, 'Instructor', 'FALL', 2023, 'CE151', 703),
  (4307, 'TA', 'FALL', 2023, 'CE151', 740),
  (4308, 'Instructor', 'FALL', 2023, 'CE161', 681),
  (4309, 'TA', 'FALL', 2023, 'CE161', 741),
  (4310, 'Instructor', 'FALL', 2023, 'CE221', 681),
  (4311, 'TA', 'FALL', 2023, 'CE221', 741),
  (4312, 'Instructor', 'FALL', 2023, 'CE231', 691),
  (4313, 'TA', 'FALL', 2023, 'CE231', 741),
  (4314, 'Instructor', 'FALL', 2023, 'CE241', 715),
  (4315, 'TA', 'FALL', 2023, 'CE241', 739),
  (4316, 'Instructor', 'FALL', 2023, 'CE421', 715),
  (4317, 'TA', 'FALL', 2023, 'CE421', 739),
  (4318, 'Instructor', 'FALL', 2023, 'CE431', 691),
  (4319, 'TA', 'FALL', 2023, 'CE431', 740),
  (4320, 'Instructor', 'FALL', 2023, 'CE441', 715),
  (4321, 'TA', 'FALL', 2023, 'CE441', 740);
  
  -- INSERT for Teaching for ME department for 2022, 2023
INSERT INTO Teaching(id, role, semester, year, course_id, faculty_id) VALUES
  -- 2022 Spring
  (3001, 'Instructor', 'SPRING', 2022, 'ME111', 401),
  (3002, 'TA', 'SPRING', 2022, 'ME111', 510),
  (3003, 'Instructor', 'SPRING', 2022, 'ME121', 421),
  (3004, 'TA', 'SPRING', 2022, 'ME121', 511),
  (3005, 'Instructor', 'SPRING', 2022, 'ME131', 441),
  (3006, 'TA', 'SPRING', 2022, 'ME131', 512),
  (3007, 'Instructor', 'SPRING', 2022, 'ME141', 431),
  (3008, 'TA', 'SPRING', 2022, 'ME141', 510),
  (3009, 'Instructor', 'SPRING', 2022, 'ME151', 451),
  (3010, 'TA', 'SPRING', 2022, 'ME151', 511),
  (3011, 'Instructor', 'SPRING', 2022, 'ME161', 401),
  (3012, 'TA', 'SPRING', 2022, 'ME161', 512),
  (3013, 'Instructor', 'SPRING', 2022, 'ME211', 441),
  (3014, 'TA', 'SPRING', 2022, 'ME211', 510),
  (3015, 'Instructor', 'SPRING', 2022, 'ME221', 421),
  (3016, 'TA', 'SPRING', 2022, 'ME221', 511),
  (3017, 'Instructor', 'SPRING', 2022, 'ME411', 451),
  (3018, 'TA', 'SPRING', 2022, 'ME411', 512),
  (3019, 'Instructor', 'SPRING', 2022, 'ME421', 431),
  (3020, 'TA', 'SPRING', 2022, 'ME421', 511),
  (3021, 'Instructor', 'SPRING', 2022, 'ME431', 401),
  (3022, 'TA', 'SPRING', 2022, 'ME431', 510),
  -- 2022 FALL
  (3101, 'Instructor', 'FALL', 2022, 'ME111', 421),
  (3102, 'TA', 'FALL', 2022, 'ME111', 510),
  (3103, 'Instructor', 'FALL', 2022, 'ME121', 401),
  (3104, 'TA', 'FALL', 2022, 'ME121', 511),
  (3105, 'Instructor', 'FALL', 2022, 'ME131', 431),
  (3106, 'TA', 'FALL', 2022, 'ME131', 512),
  (3107, 'Instructor', 'FALL', 2022, 'ME141', 441),
  (3108, 'TA', 'FALL', 2022, 'ME141', 512),
  (3109, 'Instructor', 'FALL', 2022, 'ME151', 451),
  (3110, 'TA', 'FALL', 2022, 'ME151', 511),
  (3111, 'Instructor', 'FALL', 2022, 'ME161', 401),
  (3112, 'TA', 'FALL', 2022, 'ME161', 510),
  (3113, 'Instructor', 'FALL', 2022, 'ME211', 441),
  (3114, 'TA', 'FALL', 2022, 'ME211', 510),
  (3115, 'Instructor', 'FALL', 2022, 'ME221', 451),
  (3116, 'TA', 'FALL', 2022, 'ME221', 511),
  (3117, 'Instructor', 'FALL', 2022, 'ME411', 421),
  (3118, 'TA', 'FALL', 2022, 'ME411', 510),
  (3119, 'Instructor', 'FALL', 2022, 'ME421', 431),
  (3120, 'TA', 'FALL', 2022, 'ME421', 512),
  (3121, 'Instructor', 'FALL', 2022, 'ME431', 401),
  (3122, 'TA', 'FALL', 2022, 'ME431', 511),
  -- 2023 Spring
  (3201, 'Instructor', 'SPRING', 2023, 'ME111', 401),
  (3202, 'TA', 'SPRING', 2023, 'ME111', 510),
  (3203, 'Instructor', 'SPRING', 2023, 'ME121', 421),
  (3204, 'TA', 'SPRING', 2023, 'ME121', 511),
  (3205, 'Instructor', 'SPRING', 2023, 'ME131', 441),
  (3206, 'TA', 'SPRING', 2023, 'ME131', 512),
  (3207, 'Instructor', 'SPRING', 2023, 'ME141', 431),
  (3208, 'TA', 'SPRING', 2023, 'ME141', 510),
  (3209, 'Instructor', 'SPRING', 2023, 'ME151', 451),
  (3210, 'TA', 'SPRING', 2023, 'ME151', 511),
  (3211, 'Instructor', 'SPRING', 2023, 'ME161', 401),
  (3212, 'TA', 'SPRING', 2023, 'ME161', 512),
  (3213, 'Instructor', 'SPRING', 2023, 'ME211', 441),
  (3214, 'TA', 'SPRING', 2023, 'ME211', 510),
  (3215, 'Instructor', 'SPRING', 2023, 'ME221', 421),
  (3216, 'TA', 'SPRING', 2023, 'ME221', 511),
  (3217, 'Instructor', 'SPRING', 2023, 'ME411', 451),
  (3218, 'TA', 'SPRING', 2023, 'ME411', 512),
  (3219, 'Instructor', 'SPRING', 2023, 'ME421', 431),
  (3220, 'TA', 'SPRING', 2023, 'ME421', 511),
  (3221, 'Instructor', 'SPRING', 2023, 'ME431', 401),
  (3222, 'TA', 'SPRING', 2023, 'ME431', 510),
  -- 2023 FALL
  (3301, 'Instructor', 'FALL', 2023, 'ME111', 421),
  (3302, 'TA', 'FALL', 2023, 'ME111', 510),
  (3303, 'Instructor', 'FALL', 2023, 'ME121', 401),
  (3304, 'TA', 'FALL', 2023, 'ME121', 511),
  (3305, 'Instructor', 'FALL', 2023, 'ME131', 431),
  (3306, 'TA', 'FALL', 2023, 'ME131', 512),
  (3307, 'Instructor', 'FALL', 2023, 'ME141', 441),
  (3308, 'TA', 'FALL', 2023, 'ME141', 512),
  (3309, 'Instructor', 'FALL', 2023, 'ME151', 451),
  (3310, 'TA', 'FALL', 2023, 'ME151', 511),
  (3311, 'Instructor', 'FALL', 2023, 'ME161', 401),
  (3312, 'TA', 'FALL', 2023, 'ME161', 510),
  (3313, 'Instructor', 'FALL', 2023, 'ME211', 441),
  (3314, 'TA', 'FALL', 2023, 'ME211', 510),
  (3315, 'Instructor', 'FALL', 2023, 'ME221', 451),
  (3316, 'TA', 'FALL', 2023, 'ME221', 511),
  (3317, 'Instructor', 'FALL', 2023, 'ME411', 421),
  (3318, 'TA', 'FALL', 2023, 'ME411', 510),
  (3319, 'Instructor', 'FALL', 2023, 'ME421', 431),
  (3320, 'TA', 'FALL', 2023, 'ME421', 512),
  (3321, 'Instructor', 'FALL', 2023, 'ME431', 401),
  (3322, 'TA', 'FALL', 2023, 'ME431', 511);
  
  
  -- INSERT for Teaching for MA department for 2022, 2023
  INSERT INTO Teaching (id, role, semester, year, course_id, faculty_id) VALUES
  -- 2022 Spring
  (5001, 'Instructor', 'SPRING', 2022, 'MA111', 601),
  (5002, 'TA', 'SPRING', 2022, 'MA111', 671),
  (5003, 'Instructor', 'SPRING', 2022, 'MA121', 621),
  (5004, 'TA', 'SPRING', 2022, 'MA121', 672),
  (5005, 'Instructor', 'SPRING', 2022, 'MA122', 631),
  (5006, 'TA', 'SPRING', 2022, 'MA122', 673),
  (5007, 'Instructor', 'SPRING', 2022, 'MA131', 641),
  (5008, 'TA', 'SPRING', 2022, 'MA131', 671),
  (5009, 'Instructor', 'SPRING', 2022, 'MA141', 651),
  (5010, 'TA', 'SPRING', 2022, 'MA141', 672),
  (5011, 'Instructor', 'SPRING', 2022, 'MA142', 601),
  (5012, 'TA', 'SPRING', 2022, 'MA142', 673),
  (5013, 'Instructor', 'SPRING', 2022, 'MA211', 631),
  (5014, 'TA', 'SPRING', 2022, 'MA211', 671),
  (5015, 'Instructor', 'SPRING', 2022, 'MA221', 621),
  (5016, 'TA', 'SPRING', 2022, 'MA221', 672),
  (5017, 'Instructor', 'SPRING', 2022, 'MA231', 641),
  (5018, 'TA', 'SPRING', 2022, 'MA231', 673),
  (5019, 'Instructor', 'SPRING', 2022, 'MA241', 651),
  (5020, 'TA', 'SPRING', 2022, 'MA241', 673),
  (5021, 'Instructor', 'SPRING', 2022, 'MA411', 601),
  (5022, 'TA', 'SPRING', 2022, 'MA411', 672),
  (5023, 'Instructor', 'SPRING', 2022, 'MA421', 631),
  (5024, 'TA', 'SPRING', 2022, 'MA421', 671),
  (5025, 'Instructor', 'SPRING', 2022, 'MA431', 621),
  (5026, 'TA', 'SPRING', 2022, 'MA431', 673),
  (5027, 'Instructor', 'SPRING', 2022, 'MA441', 601),
  (5028, 'TA', 'SPRING', 2022, 'MA441', 672),
  -- 2022 Fall
  (5101, 'Instructor', 'FALL', 2022, 'MA111', 621),
  (5102, 'TA', 'FALL', 2022, 'MA111', 671),
  (5103, 'Instructor', 'FALL', 2022, 'MA121', 601),
  (5104, 'TA', 'FALL', 2022, 'MA121', 672),
  (5105, 'Instructor', 'FALL', 2022, 'MA122', 631),
  (5106, 'TA', 'FALL', 2022, 'MA122', 673),
  (5107, 'Instructor', 'FALL', 2022, 'MA131', 641),
  (5108, 'TA', 'FALL', 2022, 'MA131', 672),
  (5109, 'Instructor', 'FALL', 2022, 'MA141', 651),
  (5110, 'TA', 'FALL', 2022, 'MA141', 671),
  (5111, 'Instructor', 'FALL', 2022, 'MA142', 621),
  (5112, 'TA', 'FALL', 2022, 'MA142', 673),
  (5113, 'Instructor', 'FALL', 2022, 'MA211', 631),
  (5114, 'TA', 'FALL', 2022, 'MA211', 671),
  (5115, 'Instructor', 'FALL', 2022, 'MA221', 641),
  (5116, 'TA', 'FALL', 2022, 'MA221', 672),
  (5117, 'Instructor', 'FALL', 2022, 'MA231', 651),
  (5118, 'TA', 'FALL', 2022, 'MA231', 673),
  (5119, 'Instructor', 'FALL', 2022, 'MA241', 651),
  (5120, 'TA', 'FALL', 2022, 'MA241', 671),
  (5121, 'Instructor', 'FALL', 2022, 'MA411', 631),
  (5122, 'TA', 'FALL', 2022, 'MA411', 672),
  (5123, 'Instructor', 'FALL', 2022, 'MA421', 641),
  (5124, 'TA', 'FALL', 2022, 'MA421', 673),
  (5125, 'Instructor', 'FALL', 2022, 'MA431', 621),
  (5126, 'TA', 'FALL', 2022, 'MA431', 672),
  (5127, 'Instructor', 'FALL', 2022, 'MA441', 601),
  (5128, 'TA', 'FALL', 2022, 'MA441', 671),
  -- 2023 Spring
  (5201, 'Instructor', 'SPRING', 2023, 'MA111', 621),
  (5202, 'TA', 'SPRING', 2023, 'MA111', 672),
  (5203, 'Instructor', 'SPRING', 2023, 'MA121', 601),
  (5204, 'TA', 'SPRING', 2023, 'MA121', 671),
  (5205, 'Instructor', 'SPRING', 2023, 'MA122', 631),
  (5206, 'TA', 'SPRING', 2023, 'MA122', 671),
  (5207, 'Instructor', 'SPRING', 2023, 'MA131', 641),
  (5208, 'TA', 'SPRING', 2023, 'MA131', 673),
  (5209, 'Instructor', 'SPRING', 2023, 'MA141', 651),
  (5210, 'TA', 'SPRING', 2023, 'MA141', 672),
  (5211, 'Instructor', 'SPRING', 2023, 'MA142', 641),
  (5212, 'TA', 'SPRING', 2023, 'MA142', 671),
  (5213, 'Instructor', 'SPRING', 2023, 'MA211', 631),
  (5214, 'TA', 'SPRING', 2023, 'MA211', 671),
  (5215, 'Instructor', 'SPRING', 2023, 'MA221', 621),
  (5216, 'TA', 'SPRING', 2023, 'MA221', 672),
  (5217, 'Instructor', 'SPRING', 2023, 'MA231', 651),
  (5218, 'TA', 'SPRING', 2023, 'MA231', 673),
  (5219, 'Instructor', 'SPRING', 2023, 'MA241', 641),
  (5220, 'TA', 'SPRING', 2023, 'MA241', 673),
  (5221, 'Instructor', 'SPRING', 2023, 'MA411', 601),
  (5222, 'TA', 'SPRING', 2023, 'MA411', 672),
  (5223, 'Instructor', 'SPRING', 2023, 'MA421', 631),
  (5224, 'TA', 'SPRING', 2023, 'MA421', 672),
  (5225, 'Instructor', 'SPRING', 2023, 'MA431', 621),
  (5226, 'TA', 'SPRING', 2023, 'MA431', 671),
  (5227, 'Instructor', 'SPRING', 2023, 'MA441', 601),
  (5228, 'TA', 'SPRING', 2023, 'MA441', 671),
  -- 2023 Fall
  (5301, 'Instructor', 'FALL', 2023, 'MA111', 651),
  (5302, 'TA', 'FALL', 2023, 'MA111', 671),
  (5303, 'Instructor', 'FALL', 2023, 'MA121', 601),
  (5304, 'TA', 'FALL', 2023, 'MA121', 672),
  (5305, 'Instructor', 'FALL', 2023, 'MA122', 631),
  (5306, 'TA', 'FALL', 2023, 'MA122', 673),
  (5307, 'Instructor', 'FALL', 2023, 'MA131', 641),
  (5308, 'TA', 'FALL', 2023, 'MA131', 672),
  (5309, 'Instructor', 'FALL', 2023, 'MA141', 651),
  (5310, 'TA', 'FALL', 2023, 'MA141', 671),
  (5311, 'Instructor', 'FALL', 2023, 'MA142', 621),
  (5312, 'TA', 'FALL', 2023, 'MA142', 673),
  (5313, 'Instructor', 'FALL', 2023, 'MA211', 631),
  (5314, 'TA', 'FALL', 2023, 'MA211', 672),
  (5315, 'Instructor', 'FALL', 2023, 'MA221', 641),
  (5316, 'TA', 'FALL', 2023, 'MA221', 671),
  (5317, 'Instructor', 'FALL', 2023, 'MA231', 621),
  (5318, 'TA', 'FALL', 2023, 'MA231', 673),
  (5319, 'Instructor', 'FALL', 2023, 'MA241', 651),
  (5320, 'TA', 'FALL', 2023, 'MA241', 671),
  (5321, 'Instructor', 'FALL', 2023, 'MA411', 631),
  (5322, 'TA', 'FALL', 2023, 'MA411', 672),
  (5323, 'Instructor', 'FALL', 2023, 'MA421', 641),
  (5324, 'TA', 'FALL', 2023, 'MA421', 673),
  (5325, 'Instructor', 'FALL', 2023, 'MA431', 621),
  (5326, 'TA', 'FALL', 2023, 'MA431', 672),
  (5327, 'Instructor', 'FALL', 2023, 'MA441', 601),
  (5328, 'TA', 'FALL', 2023, 'MA441', 671);
  
  -- insert for Teaching for CS department for 2022, 2023
  INSERT INTO Teaching (id, role, semester, year, course_id, faculty_id) VALUES
  -- 2022 Spring
  (1, 'Instructor', 'SPRING', 2022, 'CS111', 111),
  (2, 'TA', 'SPRING', 2022, 'CS111', 300),
  (3, 'Instructor', 'SPRING', 2022, 'CS112', 121),
  (4, 'TA', 'SPRING', 2022, 'CS112', 301),
  (5, 'Instructor', 'SPRING', 2022, 'CS113', 221),
  (6, 'TA', 'SPRING', 2022, 'CS113', 302),
  (7, 'Instructor', 'SPRING', 2022, 'CS121', 131),
  (8, 'TA', 'SPRING', 2022, 'CS121', 303),
  (9, 'Instructor', 'SPRING', 2022, 'CS122', 225),
  (10, 'TA', 'SPRING', 2022, 'CS122', 304),
  (11, 'Instructor', 'SPRING', 2022, 'CS123', 227),
  (12, 'TA', 'SPRING', 2022, 'CS123', 305),
  (13, 'Instructor', 'SPRING', 2022, 'CS131', 229),
  (14, 'TA', 'SPRING', 2022, 'CS131', 305),
  (15, 'Instructor', 'SPRING', 2022, 'CS132', 230),
  (16, 'TA', 'SPRING', 2022, 'CS132', 304),
  (17, 'Instructor', 'SPRING', 2022, 'CS141', 111),
  (18, 'TA', 'SPRING', 2022, 'CS141', 303),
  (19, 'Instructor', 'SPRING', 2022, 'CS142', 121),
  (20, 'TA', 'SPRING', 2022, 'CS142', 301),
  (23, 'Instructor', 'SPRING', 2022, 'CS211', 131),
  (24, 'TA', 'SPRING', 2022, 'CS211', 300),
  (25, 'Instructor', 'SPRING', 2022, 'CS212', 225),
  (26, 'TA', 'SPRING', 2022, 'CS212', 301),
  (27, 'Instructor', 'SPRING', 2022, 'CS213', 227),
  (28, 'TA', 'SPRING', 2022, 'CS213', 302),
  (29, 'Instructor', 'SPRING', 2022, 'CS221', 229),
  (30, 'TA', 'SPRING', 2022, 'CS221', 303),
  (31, 'Instructor', 'SPRING', 2022, 'CS222', 230),
  (32, 'TA', 'SPRING', 2022, 'CS222', 304),
  (33, 'Instructor', 'SPRING', 2022, 'CS231', 229),
  (34, 'TA', 'SPRING', 2022, 'CS231', 305),
  (35, 'Instructor', 'SPRING', 2022, 'CS235', 230),
  (36, 'TA', 'SPRING', 2022, 'CS235', 301),
  (37, 'Instructor', 'SPRING', 2022, 'CS241', 131),
  (38, 'TA', 'SPRING', 2022, 'CS241', 302),
  (39, 'Instructor', 'SPRING', 2022, 'CS242', 111),
  (40, 'TA', 'SPRING', 2022, 'CS242', 303),
  (41, 'Instructor', 'SPRING', 2022, 'CS411', 121),
  (42, 'TA', 'SPRING', 2022, 'CS411', 304),
  (43, 'Instructor', 'SPRING', 2022, 'CS413', 221),
  (44, 'TA', 'SPRING', 2022, 'CS413', 305),
  (45, 'Instructor', 'SPRING', 2022, 'CS421', 225),
  (46, 'TA', 'SPRING', 2022, 'CS421', 305),
  (47, 'Instructor', 'SPRING', 2022, 'CS422', 227),
  (48, 'TA', 'SPRING', 2022, 'CS422', 304),
  (49, 'Instructor', 'SPRING', 2022, 'CS441', 228),
  (60, 'TA', 'SPRING', 2022, 'CS441', 303),
  (50, 'Instructor', 'SPRING', 2022, 'CS443', 221),
  (51, 'TA', 'SPRING', 2022, 'CS443', 302),
  (52, 'Instructor', 'SPRING', 2022, 'CS511', 121),
  (53, 'TA', 'SPRING', 2022, 'CS511', 301),
  (54, 'Instructor', 'SPRING', 2022, 'CS531', 230),
  (55, 'TA', 'SPRING', 2022, 'CS531', 301),
  (56, 'Instructor', 'SPRING', 2022, 'CS532', 229),
  (57, 'TA', 'SPRING', 2022, 'CS532', 302),
  -- 2022 Fall
  (101, 'Instructor', 'FALL', 2022, 'CS111', 111),
  (102, 'TA', 'FALL', 2022, 'CS111', 300),
  (103, 'Instructor', 'FALL', 2022, 'CS112', 121),
  (104, 'TA', 'FALL', 2022, 'CS112', 301),
  (105, 'Instructor', 'FALL', 2022, 'CS113', 221),
  (106, 'TA', 'FALL', 2022, 'CS113', 302),
  (107, 'Instructor', 'FALL', 2022, 'CS121', 131),
  (108, 'TA', 'FALL', 2022, 'CS121', 303),
  (109, 'Instructor', 'FALL', 2022, 'CS122', 225),
  (110, 'TA', 'FALL', 2022, 'CS122', 304),
  (111, 'Instructor', 'FALL', 2022, 'CS123', 227),
  (112, 'TA', 'FALL', 2022, 'CS123', 305),
  (113, 'Instructor', 'FALL', 2022, 'CS131', 230),
  (114, 'TA', 'FALL', 2022, 'CS131', 305),
  (115, 'Instructor', 'FALL', 2022, 'CS132', 229),
  (116, 'TA', 'FALL', 2022, 'CS132', 304),
  (117, 'Instructor', 'FALL', 2022, 'CS141', 121),
  (118, 'TA', 'FALL', 2022, 'CS141', 303),
  (119, 'Instructor', 'FALL', 2022, 'CS142', 111),
  (120, 'TA', 'FALL', 2022, 'CS142', 301),
  (123, 'Instructor', 'FALL', 2022, 'CS211', 131),
  (124, 'TA', 'FALL', 2022, 'CS211', 300),
  (125, 'Instructor', 'FALL', 2022, 'CS212', 225),
  (126, 'TA', 'FALL', 2022, 'CS212', 301),
  (127, 'Instructor', 'FALL', 2022, 'CS213', 227),
  (128, 'TA', 'FALL', 2022, 'CS213', 302),
  (129, 'Instructor', 'FALL', 2022, 'CS221', 221),
  (130, 'TA', 'FALL', 2022, 'CS221', 303),
  (131, 'Instructor', 'FALL', 2022, 'CS222', 230),
  (132, 'TA', 'FALL', 2022, 'CS222', 304),
  (133, 'Instructor', 'FALL', 2022, 'CS231', 229),
  (134, 'TA', 'FALL', 2022, 'CS231', 305),
  (135, 'Instructor', 'FALL', 2022, 'CS235', 230),
  (136, 'TA', 'FALL', 2022, 'CS235', 301),
  (137, 'Instructor', 'FALL', 2022, 'CS241', 131),
  (138, 'TA', 'FALL', 2022, 'CS241', 302),
  (139, 'Instructor', 'FALL', 2022, 'CS242', 111),
  (140, 'TA', 'FALL', 2022, 'CS242', 303),
  (141, 'Instructor', 'FALL', 2022, 'CS411', 121),
  (142, 'TA', 'FALL', 2022, 'CS411', 304),
  (143, 'Instructor', 'FALL', 2022, 'CS413', 221),
  (144, 'TA', 'FALL', 2022, 'CS413', 301),
  (121, 'Instructor', 'FALL', 2022, 'CS421', 225),
  (122, 'TA', 'FALL', 2022, 'CS421', 305),
  (146, 'Instructor', 'FALL', 2022, 'CS422', 227),
  (147, 'TA', 'FALL', 2022, 'CS422', 302),
  (148, 'Instructor', 'FALL', 2022, 'CS441', 228),
  (149, 'TA', 'FALL', 2022, 'CS441', 303),
  (150, 'Instructor', 'FALL', 2022, 'CS443', 221),
  (151, 'TA', 'FALL', 2022, 'CS443', 304),
  (152, 'Instructor', 'FALL', 2022, 'CS511', 121),
  (153, 'TA', 'FALL', 2022, 'CS511', 305),
  (154, 'Instructor', 'FALL', 2022, 'CS531', 230),
  (155, 'TA', 'FALL', 2022, 'CS531', 302),
  (156, 'Instructor', 'FALL', 2022, 'CS532', 229),
  (157, 'TA', 'FALL', 2022, 'CS532', 300),
  -- 2023 Spring
  (201, 'Instructor', 'SPRING', 2023, 'CS111', 121),
  (202, 'TA', 'SPRING', 2023, 'CS111', 300),
  (203, 'Instructor', 'SPRING', 2023, 'CS112', 111),
  (204, 'TA', 'SPRING', 2023, 'CS112', 301),
  (205, 'Instructor', 'SPRING', 2023, 'CS113', 225),
  (206, 'TA', 'SPRING', 2023, 'CS113', 302),
  (207, 'Instructor', 'SPRING', 2023, 'CS121', 131),
  (208, 'TA', 'SPRING', 2023, 'CS121', 303),
  (209, 'Instructor', 'SPRING', 2023, 'CS122', 221),
  (210, 'TA', 'SPRING', 2023, 'CS122', 304),
  (211, 'Instructor', 'SPRING', 2023, 'CS123', 227),
  (212, 'TA', 'SPRING', 2023, 'CS123', 305),
  (213, 'Instructor', 'SPRING', 2023, 'CS131', 229),
  (214, 'TA', 'SPRING', 2023, 'CS131', 305),
  (215, 'Instructor', 'SPRING', 2023, 'CS132', 230),
  (216, 'TA', 'SPRING', 2023, 'CS132', 304),
  (217, 'Instructor', 'SPRING', 2023, 'CS141', 111),
  (218, 'TA', 'SPRING', 2023, 'CS141', 303),
  (219, 'Instructor', 'SPRING', 2023, 'CS142', 121),
  (220, 'TA', 'SPRING', 2023, 'CS142', 301),
  (223, 'Instructor', 'SPRING', 2023, 'CS211', 131),
  (224, 'TA', 'SPRING', 2023, 'CS211', 300),
  (225, 'Instructor', 'SPRING', 2023, 'CS212', 225),
  (226, 'TA', 'SPRING', 2023, 'CS212', 301),
  (227, 'Instructor', 'SPRING', 2023, 'CS213', 227),
  (228, 'TA', 'SPRING', 2023, 'CS213', 302),
  (229, 'Instructor', 'SPRING', 2023, 'CS221', 229),
  (230, 'TA', 'SPRING', 2023, 'CS221', 303),
  (231, 'Instructor', 'SPRING', 2023, 'CS222', 230),
  (232, 'TA', 'SPRING', 2023, 'CS222', 304),
  (233, 'Instructor', 'SPRING', 2023, 'CS231', 229),
  (221, 'TA', 'SPRING', 2023, 'CS231', 305),
  (234, 'Instructor', 'SPRING', 2023, 'CS235', 230),
  (235, 'TA', 'SPRING', 2023, 'CS235', 301),
  (236, 'Instructor', 'SPRING', 2023, 'CS241', 131),
  (237, 'TA', 'SPRING', 2023, 'CS241', 302),
  (238, 'Instructor', 'SPRING', 2023, 'CS242', 111),
  (239, 'TA', 'SPRING', 2023, 'CS242', 303),
  (240, 'Instructor', 'SPRING', 2023, 'CS411', 121),
  (241, 'TA', 'SPRING', 2023, 'CS411', 304),
  (242, 'Instructor', 'SPRING', 2023, 'CS413', 221),
  (243, 'TA', 'SPRING', 2023, 'CS413', 305),
  (244, 'Instructor', 'SPRING', 2023, 'CS421', 225),
  (245, 'TA', 'SPRING', 2023, 'CS421', 305),
  (246, 'Instructor', 'SPRING', 2023, 'CS422', 227),
  (247, 'TA', 'SPRING', 2023, 'CS422', 304),
  (248, 'Instructor', 'SPRING', 2023, 'CS441', 228),
  (249, 'TA', 'SPRING', 2023, 'CS441', 301),
  (250, 'Instructor', 'SPRING', 2023, 'CS443', 221),
  (251, 'TA', 'SPRING', 2023, 'CS443', 302),
  (252, 'Instructor', 'SPRING', 2023, 'CS511', 121),
  (253, 'TA', 'SPRING', 2023, 'CS511', 303),
  (254, 'Instructor', 'SPRING', 2023, 'CS531', 230),
  (255, 'TA', 'SPRING', 2023, 'CS531', 304),
  (256, 'Instructor', 'SPRING', 2023, 'CS532', 229),
  (257, 'TA', 'SPRING', 2023, 'CS532', 300),
  -- 2023 Fall
  (401, 'Instructor', 'FALL', 2023, 'CS111', 131),
  (402, 'TA', 'FALL', 2023, 'CS111', 303),
  (403, 'Instructor', 'FALL', 2023, 'CS112', 121),
  (404, 'TA', 'FALL', 2023, 'CS112', 301),
  (405, 'Instructor', 'FALL', 2023, 'CS113', 229),
  (406, 'TA', 'FALL', 2023, 'CS113', 302),
  (407, 'Instructor', 'FALL', 2023, 'CS121', 111),
  (408, 'TA', 'FALL', 2023, 'CS121', 300),
  (409, 'Instructor', 'FALL', 2023, 'CS122', 225),
  (410, 'TA', 'FALL', 2023, 'CS122', 304),
  (411, 'Instructor', 'FALL', 2023, 'CS123', 227),
  (412, 'TA', 'FALL', 2023, 'CS123', 304),
  (413, 'Instructor', 'FALL', 2023, 'CS131', 230),
  (414, 'TA', 'FALL', 2022, 'CS131', 305),
  (415, 'Instructor', 'FALL', 2023, 'CS132', 221),
  (416, 'TA', 'FALL', 2023, 'CS132', 305),
  (417, 'Instructor', 'FALL', 2023, 'CS141', 121),
  (418, 'TA', 'FALL', 2023, 'CS141', 301),
  (419, 'Instructor', 'FALL', 2023, 'CS142', 131),
  (420, 'TA', 'FALL', 2023, 'CS142', 301),
  (423, 'Instructor', 'FALL', 2023, 'CS211', 111),
  (424, 'TA', 'FALL', 2023, 'CS211', 301),
  (425, 'Instructor', 'FALL', 2023, 'CS212', 230),
  (426, 'TA', 'FALL', 2023, 'CS212', 303),
  (427, 'Instructor', 'FALL', 2023, 'CS213', 227),
  (428, 'TA', 'FALL', 2023, 'CS213', 302),
  (429, 'Instructor', 'FALL', 2023, 'CS221', 221),
  (430, 'TA', 'FALL', 2023, 'CS221', 303),
  (431, 'Instructor', 'FALL', 2023, 'CS222', 230),
  (432, 'TA', 'FALL', 2023, 'CS222', 304),
  (433, 'Instructor', 'FALL', 2023, 'CS231', 229),
  (421, 'TA', 'FALL', 2023, 'CS231', 305),
  (434, 'Instructor', 'FALL', 2023, 'CS235', 225),
  (435, 'TA', 'FALL', 2023, 'CS235', 301),
  (436, 'Instructor', 'FALL', 2023, 'CS241', 131),
  (437, 'TA', 'FALL', 2023, 'CS241', 302),
  (438, 'Instructor', 'FALL', 2023, 'CS242', 111),
  (439, 'TA', 'FALL', 2023, 'CS242', 303),
  (440, 'Instructor', 'FALL', 2023, 'CS411', 121),
  (441, 'TA', 'FALL', 2023, 'CS411', 304),
  (442, 'Instructor', 'FALL', 2023, 'CS413', 221),
  (443, 'TA', 'FALL', 2023, 'CS413', 301),
  (444, 'Instructor', 'FALL', 2023, 'CS421', 225),
  (445, 'TA', 'FALL', 2023, 'CS421', 305),
  (446, 'Instructor', 'FALL', 2023, 'CS422', 227),
  (447, 'TA', 'FALL', 2023, 'CS422', 302),
  (448, 'Instructor', 'FALL', 2023, 'CS441', 228),
  (449, 'TA', 'FALL', 2023, 'CS441', 303),
  (450, 'Instructor', 'FALL', 2023, 'CS443', 221),
  (451, 'TA', 'FALL', 2023, 'CS443', 304),
  (452, 'Instructor', 'FALL', 2023, 'CS511', 121),
  (453, 'TA', 'FALL', 2023, 'CS511', 305),
  (454, 'Instructor', 'FALL', 2022, 'CS531', 230),
  (455, 'TA', 'FALL', 2023, 'CS531', 302),
  (456, 'Instructor', 'FALL', 2023, 'CS532', 229),
  (457, 'TA', 'FALL', 2023, 'CS532', 300);
  

INSERT INTO Student (id, name, national_id, birth_date, enrollment_date, graduation_date, gpa) VALUES
(1001, 'John Liu', 123345566, '2001-04-05', '2020-01-15', '2024-06-15', 4),
  (1003, 'Rita Ora', 132345166, '2001-01-14', '2020-01-15', '2024-06-15', 4.2),
  (1007, 'Philip Lose', 321345566, '2001-06-15', '2020-01-15', '2024-06-15', 3.8),
  (1010, 'Samantha Prabhu', 3217165566, '2001-03-21', '2020-01-15', '2024-06-15', 4.9),
  (1011, 'Vikas Jain', 321345662, '2001-7-18', '2020-01-15', NULL, 3.3),
  (1610, 'Ritu Raj', 3203455662, '2002-2-05', '2021-01-15', '2025-06-15', NULL),
  (1607, 'Peter Liu',3043455662, '2002-4-14', '2021-01-15', '2025-06-15', NULL),
  (1617, 'Philip Mohan', 3103455662, '2002-5-15', '2021-01-15', '2025-06-15', 5),
  (1619, 'Sam Roberts', 9203455662, '2002-6-21', '2021-01-15', '2025-06-15', 4.3),
  (1621, 'Vineet Jha', 7203421662, '2002-05-18', '2021-01-15', NULL, 2.9),
  (2001, 'Reena Roy', 9023455613, '2003-01-13', '2022-01-15', '2025-06-15', 4.15),
  (2009, 'Pollards Grey', 6503453662, '2003-4-19', '2022-01-15', '2025-06-15', 4.65),
  (2017, 'Potu Singh', 1312445677, '2003-3-11', '2022-01-15', NULL, NULL),
  (2008, 'Julia Roberts', 1212446677, '2003-6-12', '2022-01-15', '2025-06-15', 3.04),
  (2006, 'Agatha Christi', 1100245767,  '2003-05-19', '2022-01-15', NULL, 4.59),
  (1101, 'Jia Grey', 1345236267, '2001-02-05', '2020-01-15', '2024-06-15', 3.98),
  (1103, 'Rose Rit', 1323612067, '2001-05-14', '2020-01-15', NULL, 3.57),
  (1107, 'Phellum Luis', 203678911, '2001-3-15', '2020-01-15', '2024-06-15', 4.21),
  (1110, 'Albert Decosta', 2617897011, '2001-2-21', '2020-01-15', '2024-06-15', 4),
  (1111, 'Vikram Kohli', 1516578091, '2001-3-8', '2020-01-15', '2024-06-15', 3.27),
  (1710, 'Roni Roto', 2678910631, '2002-3-11', '2021-01-15', '2025-06-15', 4.44),
  (1707, 'Piu Liu', 2101368101, '2002-3-14', '2021-01-15', NULL, 2.99),
  (1717, 'Param Mohan', 1023456545, '2002-5-15', '2021-01-15', '2025-06-15', 2.75),
  (1719, 'Siren Lobo', 189091342, '2002-6-17', '2021-01-15', NULL, NULL),
  (1721, 'Vini Puh', 1312091343, '2002-5-13', '2021-01-15', '2025-06-15', 3.64);

-- Insert for EXAM for CS
INSERT INTO Exam (id, semester, exam_date, grade, student_id, course_id) VALUES
-- Student 1 for 2 years for both sem Null means exam not held
(1, 'SPRING', '2022-07-11', 'A+', 1001, 'CS111'),
 (2, 'SPRING', '2022-07-11', 'A', 1001, 'CS121'),
 (3, 'SPRING', '2022-07-11', 'A+', 1001, 'CS122'),
 (4, 'FALL', '2022-12-05', 'B+', 1001, 'CS211'),
 (5, 'FALL', '2022-12-06', 'B', 1001, 'CS212'),
 (6, 'FALL', '2022-12-07', 'B+', 1001, 'MA111'),
 (7, 'SPRING', '2023-07-11', 'A+', 1001, 'CS411'),
 (8, 'SPRING', '2023-07-11', 'A+', 1001, 'CS511'),
 (9, 'SPRING', '2023-07-11', 'F', 1001, 'MA211'),
 (10, 'FALL', '2023-12-05', Null, 1001, 'CS121'),
 (11, 'FALL', '2023-12-06', Null, 1001, 'CS122'),
 (12, 'FALL', '2023-12-14', Null, 1001, 'MA411'),
 -- Student 2 for 2 years for both sem
 (21, 'SPRING', '2022-07-11', 'A', 1003, 'CS121'),
 (22, 'SPRING', '2022-07-11', 'A+', 1003, 'CS122'),
 (23, 'SPRING', '2022-01-11', 'A+', 1003, 'CS123'),
 (24, 'FALL', '2022-12-19', 'A', 1003, 'CS221'),
 (25, 'FALL', '2022-12-20', 'B', 1003, 'CS132'),
 (26, 'FALL', '2022-12-18', 'A', 1003, 'CS131'),
 (27, 'SPRING', '2023-07-19', 'B', 1003, 'CS421'),
 (28, 'SPRING', '2023-07-21', 'C', 1003, 'CS422'),
 (29, 'SPRING', '2023-07-22', 'F', 1003, 'MA111'),
 (30, 'FALL', '2023-12-19', NULL, 1003, 'CS132'),
 (31, 'FALL', '2023-12-16', NULL, 1003, 'CS231'),
 (32, 'FALL', '2023-12-17', NULL, 1003, 'MA211'),
 -- Student 3 for 2 years for both sem
 (41, 'SPRING', '2022-07-19', 'A+', 1007, 'CS131'),
 (42, 'SPRING', '2022-07-21', 'A+', 1007, 'CS132'),
 (43, 'SPRING', '2022-07-22', 'A', 1007, 'CS121'),
 (44, 'FALL', '2022-12-21', 'A+', 1007, 'CS221'),
 (45, 'FALL', '2022-12-20', 'A+', 1007, 'CS232'),
 (46, 'FALL', '2022-12-19', 'A', 1007, 'CS231'),
 (47, 'SPRING', '2023-07-19', 'F', 1007, 'CS531'),
 (48, 'SPRING', '2023-07-18', 'A', 1007, 'CS532'),
 (49, 'SPRING', '2023-07-21', 'B+', 1007, 'CS141'),
 (50, 'FALL', '2023-12-15', NULL, 1007, 'CS142'),
 (51, 'FALL', '2023-12-16', NULL, 1007, 'CS242'),
  -- Stuent 4 for 2 years for both sem
 (61, 'SPRING', '2022-07-19', 'A+', 1010, 'CS141'),
 (62, 'SPRING', '2022-01-21', 'A', 1010, 'CS142'),
 (63, 'SPRING', '2022-01-20', 'B+', 1010, 'CS131'),
 (64, 'FALL', '2022-12-17', 'A+', 1010, 'CS241'),
 (65, 'FALL', '2022-12-16', 'A', 1010, 'CS242'),
  (67, 'SPRING', '2023-07-18', 'B+', 1010, 'CS441'),
 (68, 'SPRING', '2023-07-19', 'B', 1010, 'CS442'),
 (69, 'SPRING', '2023-07-20', 'F', 1010, 'MA111'),
 (70, 'FALL', '2023-12-19', NULL, 1010, 'CS443'),
 (71, 'FALL', '2023-12-18', NULL, 1010, 'CS231'),
 (72, 'FALL', '2023-12-20', NULL, 1010, 'MA211');
 
-- Insert for EXAM for CE
INSERT INTO Exam (id, semester, exam_date, grade, student_id, course_id) VALUES
-- Student 1 for 2 years for both sem Null means exam not held
 (4001, 'SPRING', '2022-07-21', 'A+', 1103, 'CE111'),
 (4002, 'SPRING', '2022-07-22', 'A', 1103, 'CE121'),
 (4003, 'SPRING', '2022-07-20', 'A', 1103, 'CE161'),
 (4004, 'FALL', '2022-12-21', 'A+', 1103, 'CE221'),
 (4005, 'FALL', '2022-12-18', 'A', 1103, 'CE511'),
 (4006, 'FALL', '2022-12-19', 'A', 1103, 'CS111'),
 (4011, 'SPRING', '2023-07-21', 'B', 1103, 'CE421'),
 (4012, 'SPRING', '2023-07-22', 'B', 1103, 'CE511'),
 (4013, 'SPRING', '2023-07-20', 'F', 1103, 'CE161'),
 (4014, 'FALL', '2023-12-21', NULL, 1103, 'MA131'),
 (4015, 'FALL', '2023-12-18', NULL, 1103, 'MA111'),
 (4016, 'FALL', '2023-12-19', NULL, 1103, 'MA142'),
 (4051, 'SPRING', '2022-07-21', 'A+', 1107, 'CE131'),
 (4052, 'SPRING', '2022-07-22', 'A', 1107, 'CE141'),
 (4053, 'SPRING', '2022-07-20', 'A', 1107, 'CE151'),
 (4054, 'FALL', '2022-12-21', 'A+', 1107, 'CE231'),
 (4055, 'FALL', '2022-12-18', 'A', 1107, 'CE241'),
 (4056, 'FALL', '2022-12-19', 'A', 1107, 'CS111'),
 (4061, 'SPRING', '2023-07-21', 'B', 1107, 'CE431'),
 (4062, 'SPRING', '2023-07-22', 'B', 1107, 'CE441'),
 (4063, 'SPRING', '2023-07-20', 'F', 1107, 'CE161'),
 (4064, 'FALL', '2023-12-21', NULL, 1107, 'MA131'),
 (4065, 'FALL', '2023-12-18', NULL, 1107, 'MA111'),
 (4066, 'FALL', '2023-12-19', NULL, 1107, 'MA142');

-- Insert for EXAM for ME for all students for both years 
INSERT INTO Exam (id, semester, exam_date, grade, student_id, course_id) VALUES
-- Student 1 for 2 years for both sem Null means exam not held
 (3001, 'SPRING', '2022-07-20', 'A+', 2008, 'ME111'),
 (3002, 'SPRING', '2022-07-19', 'B+', 2008, 'ME131'),
 (3003, 'SPRING', '2022-07-22', 'B', 2008, 'ME141'),
 (3004, 'FALL', '2022-12-20', 'A', 2008, 'ME211'),
 (3005, 'FALL', '2022-12-19', 'A+', 2008, 'CS142'),
 (3006, 'FALL', '2022-12-22', 'A+', 2008, 'CS141'),
 (3011, 'SPRING', '2023-07-20', 'F', 2008, 'ME411'),
 (3012, 'SPRING', '2023-07-19', 'B+', 2008, 'CS241'),
 (3013, 'SPRING', '2023-07-22', 'B', 2008, 'CS242'),
 (3014, 'FALL', '2023-12-21', NULL, 2008, 'ME211'),
 (3015, 'FALL', '2023-12-23', NULL, 2008, 'ME431'),
 (3016, 'FALL', '2023-12-22', NULL, 2008, 'CS111'),
-- student 2
 (3051, 'SPRING', '2022-07-20', 'A+', 2009, 'ME121'),
 (3052, 'SPRING', '2022-07-19', 'B+', 2009, 'ME151'),
 (3053, 'SPRING', '2022-07-22', 'B', 2009, 'ME161'),
 (3054, 'FALL', '2022-12-20', 'A', 2009, 'ME221'),
 (3055, 'FALL', '2022-12-19', 'A+', 2009, 'CS142'),
 (3056, 'FALL', '2022-12-22', 'A+', 2009, 'CS141'),
 (3062, 'SPRING', '2023-07-19', 'F', 2009, 'CS241'),
 (3063, 'SPRING', '2023-07-22', 'B', 2009, 'CS242'),
 (3064, 'FALL', '2023-12-21', NULL, 2009, 'ME421'),
 (3065, 'FALL', '2023-12-23', NULL, 2009, 'ME431'),
 (3066, 'FALL', '2023-12-22', NULL, 2009, 'ME131');

-- Insert for EXAM for MA
INSERT INTO Exam (id, semester, exam_date, grade, student_id, course_id) VALUES
-- Student 1 for 2 years for both sem Null means exam not held
 (5001, 'SPRING', '2022-07-21', 'A+', 1710, 'MA111'),
 (5002, 'SPRING', '2022-07-19', 'A', 1710, 'MA131'), 
 (5003, 'SPRING', '2022-07-22', 'B+', 1710, 'MA142'),
 (5004, 'FALL', '2022-12-21', 'B+', 1710, 'MA211'),
 (5005, 'FALL', '2022-12-19', 'A', 1710, 'MA231'), 
 (5006, 'FALL', '2022-12-22', 'A', 1710, 'CS111'),
 (5011, 'SPRING', '2023-07-21', 'A+', 1710, 'MA411'),
 (5012, 'SPRING', '2023-07-19', 'A', 1710, 'MA431'), 
 (5013, 'SPRING', '2023-07-22', 'F', 1710, 'CS211'),
 (5014, 'FALL', '2023-12-21', NULL, 1710, 'MA211'),
 (5015, 'FALL', '2023-12-19', NULL, 1710, 'MA231'), 
 (5016, 'FALL', '2023-12-22', NULL, 1710, 'CS111'),
-- student 2
 (5101, 'SPRING', '2022-07-21', 'A+', 1707, 'MA121'),
 (5102, 'SPRING', '2022-07-19', 'A', 1707, 'MA122'), 
 (5103, 'SPRING', '2022-07-22', 'B+', 1707, 'MA141'),
 (5104, 'FALL', '2022-12-21', 'B+', 1707, 'MA221'),
 (5105, 'FALL', '2022-12-19', 'A', 1707, 'MA241'), 
 (5106, 'FALL', '2022-12-22', 'A', 1707, 'CS111'),
 (5111, 'SPRING', '2023-07-21', 'A+', 1707, 'MA421'),
 (5112, 'SPRING', '2023-07-19', 'A', 1707, 'MA441'), 
 (5113, 'SPRING', '2023-07-22', 'F', 1707, 'MA142'),
 (5114, 'FALL', '2023-12-21', NULL, 1707, 'CS211'),
 (5115, 'FALL', '2023-12-19', NULL, 1707, 'CS113'), 
 (5116, 'FALL', '2023-12-22', NULL, 1707, 'CS211');
 
 -- Insert for Programs 
INSERT INTO Program (id, name, description, start_date, end_date, type, department_id) VALUES
  (131, 'Theoretical Computer Science', 'Major in Theoretical Computer Science', '2010-01-01', Null, 'Major', 1),
  (132, 'Theoretical Computer Science', 'Minor in Theoretical Computer Science', '2010-01-01', Null, 'Minor', 1),
  (111, 'Operating Systems', 'Major in Operating Systems', '2012-01-01', Null, 'Major', 1),
  (112, 'Operating Systems', 'Minor in Operating Systems', '2012-01-01', Null, 'Minor', 1),
  (121, 'Databases', 'Major in Database Management Systems', '2011-01-01', Null, 'Major', 1),
  (122, 'Databases', 'Major in Database Management Systems', '2011-01-01', Null, 'Minor', 1),
  (141, 'Artificial Intelligence', 'Major in Artificial Intelligence', '2018-07-01', Null, 'Major', 1),
  (142, 'Artificial Intelligence', 'Minor in Artificial Intelligence', '2018-07-01', Null, 'Minor', 1),

  (411, 'Structural Engineering', 'Major in Structural Engineering', '2010-1-11', Null, 'Major', 4),
  (412, 'Structural Engineering', 'Minor in Structural Engineering', '2010-1-11', Null, 'Minor', 4),
  (421, 'Mechanics', 'Major in Mechanics', '2011-7-1', Null, 'Major', 4),
  (422, 'Mechanics', 'Minor in Mechanics', '2011-7-1', Null, 'Minor', 4),
 
  (311, 'Dynamics', 'Major in Dynamics','2010-07-01', Null, 'Major', 3),
  (312, 'Dynamics', 'Minor in Dynamics', '2010-07-01', Null, 'Major', 3),
  (321, 'Nanotechnology', 'Major in Nanotechnology', '2010-07-01', Null, 'Major', 3),
  (322, 'Nanotechnology', 'Minor in Nanotechnology', '2010-07-01', Null, 'Minor', 3),

  (511, 'Linear Algebra', 'Major in Linear Algebra', '2011-01-11', Null, 'Major', 5),
  (512, 'Linear Algebra', 'Minor in Linear Algebra', '2011-01-11', Null, 'Minor', 5),
  (521, 'Discrete Mathematics', 'Major in Discrete Mathematics', '2010-07-11', Null, 'Major', 5),
  (522, 'Discrete Mathematics', 'Minor in Discrete Mathematics', '2010-07-11', Null, 'Minor', 5),

  (211, 'Communications', 'Major in Communications', '2011-01-11', Null, 'Major',2),
  (212, 'Communications', 'Minor in Communications', '2011-01-11', Null, 'Minor', 2),
  (221, 'Signals and Systems', 'Major in Signals and Systems', '2010-07-11', Null, 'Major', 2),
  (222, 'Signals and Systems', 'Minor in Signals and Systems', '2010-07-11', Null, 'Minor', 2);

-- Insert for Specification table for CS for all 4 areas and both major and minor 
INSERT INTO Specification (id, status, course_id, program_id) VALUES
-- OS
  (1, 'Mandatory', 'CS111', 111),
  (2, 'Mandatory', 'CS112', 111),
  (3, 'Mandatory', 'CS113', 111),
  (4, 'Mandatory', 'CS211', 111),
  (5, 'Mandatory', 'CS212', 111),
  (6, 'Mandatory', 'CS213', 111),
  (7, 'Elective', 'CS411', 111),
  (8, 'Elective', 'CS511', 111),
  (9, 'Elective', 'CS413', 111),  
  (101, 'Mandatory', 'CS111', 112),
  (102, 'Mandatory', 'CS112', 112),
  (103, 'Mandatory', 'CS113', 112),
  (104, 'Mandatory', 'CS211', 112),
  (105, 'Mandatory', 'CS212', 112),
  (106, 'Mandatory', 'CS213', 112),
--  (107, 'Elective', 'CS411', 112),
--  (108, 'Elective', 'CS511', 112),
--  (109, 'Elective', 'CS413', 112), 
-- DB
  (201, 'Mandatory', 'CS121', 121),
  (202, 'Mandatory', 'CS122', 121),
  (203, 'Mandatory', 'CS123', 121),
  (204, 'Mandatory', 'CS221', 121),
  (205, 'Mandatory', 'CS222', 121),
  (206, 'Mandatory', 'CS213', 121),
  (207, 'Elective', 'CS421', 121),
  (208, 'Elective', 'CS422', 121),
  (251, 'Mandatory', 'CS121', 122),
  (252, 'Mandatory', 'CS122', 122),
  (253, 'Mandatory', 'CS123', 122),
  (254, 'Mandatory', 'CS221', 122),
  (255, 'Mandatory', 'CS222', 122),
  (256, 'Mandatory', 'CS213', 122),
--  (257, 'Elective', 'CS421', 122),
--  (258, 'Elective', 'CS422', 122)
-- Theoretical CS    
  (301, 'Mandatory', 'CS131', 131),
  (302, 'Mandatory', 'CS132', 131),
  (303, 'Mandatory', 'CS231', 131),
  (304, 'Mandatory', 'CS232', 131),
  (305, 'Mandatory', 'CS235', 131),
  (306, 'Elective', 'CS531', 131),
  (307, 'Elective', 'CS532', 131),
  (308, 'Elective', 'CS535', 131),
  (351, 'Mandatory', 'CS131', 132),
  (352, 'Mandatory', 'CS132', 132),
  (353, 'Mandatory', 'CS231', 132),
  (354, 'Mandatory', 'CS232', 132),
  (355, 'Mandatory', 'CS235', 132),
--  (356, 'Elective', 'CS531', 132),
--  (357, 'Elective', 'CS532', 132),
--  (358, 'Elective', 'CS535', 132),
-- AI
  (401, 'Mandatory', 'CS141', 141),
  (402, 'Mandatory', 'CS142', 141),
  (403, 'Mandatory', 'CS241', 141),
  (404, 'Mandatory', 'CS242', 141),
  (405, 'Elective', 'CS441', 141),
  (406, 'Elective', 'CS442', 141),
  (407, 'Elective', 'CS443', 141),
  (451, 'Mandatory', 'CS141', 142),
  (452, 'Mandatory', 'CS142', 142),
  (453, 'Mandatory', 'CS241', 142),
  (454, 'Mandatory', 'CS242', 142);
--  (455, 'Elective', 'CS441', 142),
--  (456, 'Elective', 'CS442', 142),
--  (457, 'Elective', 'CS443', 142);

-- Insert for Specification table for CE all 2 areas and both major and minor 
INSERT INTO Specification (id, status, course_id, program_id) VALUES
-- SE
  (4001, 'Mandatory', 'CE111', 411),
  (4002, 'Mandatory', 'CE121', 411),
  (4003, 'Mandatory', 'CE161', 411),
  (4011, 'Mandatory', 'CE221', 411),
  (4012, 'Elective', 'CE511', 411),
  (4013, 'Elective', 'CE421', 411),
  (4101, 'Mandatory', 'CE111', 412),
  (4102, 'Mandatory', 'CE121', 412),
  (4103, 'Mandatory', 'CE161', 412),  
  (4104, 'Mandatory', 'CE221', 412),
-- Mechanics
  (4501, 'Mandatory', 'CE131', 421),
  (4502, 'Mandatory', 'CE141', 421),
  (4503, 'Mandatory', 'CE151', 421),
  (4504, 'Mandatory', 'CE231', 421),
  (4505, 'Elective', 'CE431', 421),
  (4506, 'Elective', 'CE441', 421),
  (4701, 'Mandatory', 'CE131', 422),
  (4702, 'Mandatory', 'CE141', 422),
  (4703, 'Mandatory', 'CE151', 422),
  (4704, 'Mandatory', 'CE231', 422);

-- Insert for Specification table for MA for 2 areas and both major and minor 
INSERT INTO Specification (id, status, course_id, program_id) VALUES
-- Linear Algebra
  (5001, 'Mandatory', 'MA111', 511),
  (5002, 'Mandatory', 'MA131', 511),
  (5003, 'Mandatory', 'MA142', 511),
  (5004, 'Mandatory', 'MA211', 511),
  (5005, 'Mandatory', 'MA231', 511),
  (5006, 'Elective', 'MA411', 511),
  (5007, 'Elective', 'MA431', 511),
-- Minor has no elective
  (5201, 'Mandatory', 'MA111', 512),
  (5202, 'Mandatory', 'MA131', 512),
  (5203, 'Mandatory', 'MA142', 512),
  (5204, 'Mandatory', 'MA211', 512),
  (5205, 'Mandatory', 'MA231', 512),
-- Discrete Maths Algebra
  (5501, 'Mandatory', 'MA121', 521),
  (5502, 'Mandatory', 'MA141', 521),
  (5503, 'Mandatory', 'MA122', 521),
  (5504, 'Mandatory', 'MA221', 521),
  (5505, 'Mandatory', 'MA241', 521),
  (5506, 'Elective', 'MA421', 521),
  (5507, 'Elective', 'MA441', 521),
-- Minor has no elective  
  (5701, 'Mandatory', 'MA121', 522),
  (5702, 'Mandatory', 'MA141', 522),
  (5703, 'Mandatory', 'MA122', 522),
  (5704, 'Mandatory', 'MA221', 522),
  (5705, 'Mandatory', 'MA241', 522);
  
  -- Insert for Specification table for ME for 2 araes and both mahor and minor
INSERT INTO Specification (id, status, course_id, program_id) VALUES
-- Dynamics  
  (3001, 'Mandatory', 'ME111', 311),
  (3002, 'Mandatory', 'ME131', 311),
  (3003, 'Mandatory', 'ME141', 311),
  (3004, 'Mandatory', 'ME211', 311),
  (3005, 'Elective', 'ME411', 311),
  (3101, 'Mandatory', 'ME111', 312),
  (3102, 'Mandatory', 'ME131', 312),
  (3103, 'Mandatory', 'ME141', 312),
  (3104, 'Mandatory', 'ME211', 312),
-- (3105, 'Elective', 'ME411', 312),
-- Nanotechnology  
  (3501, 'Mandatory', 'ME121', 321),
  (3502, 'Mandatory', 'ME151', 321),
  (3503, 'Mandatory', 'ME161', 321),
  (3504, 'Mandatory', 'ME221', 321),
  (3505, 'Elective', 'ME421', 321),
  (3506, 'Elective', 'ME431', 321),
  (3701, 'Mandatory', 'ME121', 322),
  (3702, 'Mandatory', 'ME151', 322),
  (3703, 'Mandatory', 'ME161', 322),
  (3704, 'Mandatory', 'ME221', 322);
--  (3705, 'Elective', 'ME421', 322),
--  (3706, 'Elective', 'ME431', 322);


-- Insert for Prerequisite for CS
INSERT INTO Prerequisite (id, course_id, prerequisite_id) VALUES
  (2, 'CS411', 'CS211'),
  (3, 'CS511', 'CS211'), 
  (4, 'CS211', 'CS111'), 
  (5, 'CS211', 'CS112'), 
  (6, 'CS213', 'CS113'), 
  (7, 'CS413', 'CS213'),
  (21, 'CS221', 'CS121'), 
  (22, 'CS221', 'CS123'),
  (23, 'CS421', 'CS121'),
  (24, 'CS422', 'CS122'),
  (103, 'CS231', 'CS131'),
  (104, 'CS232', 'CS131'),
  (105, 'CS232', 'CS132'),
  (106, 'CS235', 'CS131'),
  (108, 'CS531', 'CS231'),
  (110, 'CS532', 'CS232'),
  (111, 'CS535', 'CS235'),
  (203, 'CS241', 'CS141'),
  (204, 'CS242', 'CS141'),
  (205, 'CS242', 'CS142'),
  (207, 'CS441', 'CS241'),
  (208, 'CS442', 'CS242'),
  (209, 'CS443', 'CS241');
  
  -- Insert for Prerequisite for ME
INSERT INTO Prerequisite (id, course_id, prerequisite_id) VALUES
  (3051, 'ME211', 'ME111'),
  (3052, 'ME221', 'ME121'),

  (3102, 'ME411', 'ME211'),
  (3104, 'ME421', 'ME221'),
  (3105, 'ME431', 'ME131'),
  (3106, 'ME431', 'ME151');
  
 -- Insert for Prerequisite for CE
INSERT INTO Prerequisite (id, course_id, prerequisite_id) VALUES
  (4051, 'CE221', 'CE121'),
  (4052, 'CE231', 'CE131'), 
  (4053, 'CE241', 'CE141'), 

  (4101, 'CE511', 'CE111'),
  (4102, 'CE421', 'CE221'), 
  (4104, 'CE431', 'CE231'), 
  (4106, 'CE441', 'CE241');
  
  -- Insert for Prerequisite for MA
INSERT INTO Prerequisite (id, course_id, prerequisite_id) VALUES
  (5051, 'MA211', 'MA111'),
  (5052, 'MA221', 'MA121'),
  (5053, 'MA231', 'MA131'),
  (5054, 'MA241', 'MA141'),
  (5102, 'MA411', 'MA211'),
  (5103, 'MA421', 'MA221'),
  (5105, 'MA431', 'MA231'),
  (5107, 'MA441', 'MA241');
  
  
  -- Insert for Registration for CS for Fall and Spring for 2022, 2023
INSERT INTO Registration (id, semester, year, reg_datetime, student_id, course_id) VALUES
-- Student 1 for 2 years for both sem
 (1, 'SPRING', 2022, '2022-01-11 12:45:56', 1001, 'CS111'),
 (2, 'SPRING', 2022, '2022-01-11 12:45:56', 1001, 'CS121'),
 (3, 'SPRING', 2022, '2022-01-11 12:45:56', 1001, 'CS122'),
 (101, 'FALL', 2022, '2022-08-05 12:45:56', 1001, 'CS211'),
 (102, 'FALL', 2022, '2022-08-06 11:15:56', 1001, 'CS212'),
 (103, 'FALL', 2022, '2022-08-07 09:35:56', 1001, 'MA111'),
-- Prerequisite not met so dirty line 
 (104, 'FALL', 2022, '2022-08-07 09:35:56', 1001, 'CS531'),
 (201, 'SPRING', 2023, '2023-01-11 12:45:56', 1001, 'CS411'),
 (202, 'SPRING', 2023, '2023-01-11 12:45:56', 1001, 'CS511'),
 (203, 'SPRING', 2023, '2023-01-11 12:45:56', 1001, 'MA211'),
 (301, 'FALL', 2023, '2023-08-05 12:45:56', 1001, 'CS121'),
 (302, 'FALL', 2023, '2023-08-06 11:15:56', 1001, 'CS122'),
 (303, 'FALL', 2023, '2023-08-07 09:35:56', 1001, 'MA411'),
-- Student 2 for 2 years for both sem
 (11, 'SPRING', 2022, '2022-01-11 09:45:56', 1003, 'CS121'),
 (12, 'SPRING', 2022, '2022-01-11 08:45:56', 1003, 'CS122'),
 (13, 'SPRING', 2022, '2022-01-11 15:45:56', 1003, 'CS123'),
 (111, 'FALL', 2022, '2022-08-1 10:22:32', 1003, 'CS221'),
 (112, 'FALL', 2022, '2022-08-1 19:12:32', 1003, 'CS132'),
 (113, 'FALL', 2022, '2022-08-1 16:41:32', 1003, 'CS131'),
 (211, 'SPRING', 2023, '2023-01-11 16:45:56', 1003, 'CS421'),
 (212, 'SPRING', 2023, '2023-01-11 14:35:56', 1003, 'CS422'),
 (213, 'SPRING', 2023, '2023-01-11 14:15:56', 1003, 'MA111'),
 (311, 'FALL', 2023, '2023-08-05 18:45:56', 1003, 'CS132'),
 (312, 'FALL', 2023, '2023-08-06 10:15:56', 1003, 'CS231'),
 (313, 'FALL', 2023, '2023-08-07 19:35:56', 1003, 'MA211'),
 -- Student 3 for 2 years for both sem
 (21, 'SPRING', 2022, '2022-01-11 09:45:56', 1007, 'CS131'),
 (22, 'SPRING', 2022, '2022-01-11 08:45:56', 1007, 'CS132'),
 (23, 'SPRING', 2022, '2022-01-11 15:45:56', 1007, 'CS121'),
 (121, 'FALL', 2022, '2022-08-1 10:22:32', 1007, 'CS221'),
 (122, 'FALL', 2022, '2022-08-1 19:12:32', 1007, 'CS232'),
 (123, 'FALL', 2022, '2022-08-1 16:41:32', 1007, 'CS231'),
 (221, 'SPRING', 2023, '2023-01-11 16:45:56', 1007, 'CS531'),
 (222, 'SPRING', 2023, '2023-01-11 14:35:56', 1007, 'CS532'),
 (223, 'SPRING', 2023, '2023-01-11 14:15:56', 1007, 'CS141'),
 (321, 'FALL', 2023, '2023-08-05 18:45:56', 1007, 'CS142'),
 (322, 'FALL', 2023, '2023-08-06 10:15:56', 1007, 'CS242'),
 -- Student 4 for 2 years for both sem
 (31, 'SPRING', 2022, '2022-01-11 09:45:56', 1010, 'CS141'),
 (32, 'SPRING', 2022, '2022-01-11 08:45:56', 1010, 'CS142'),
 (33, 'SPRING', 2022, '2022-01-11 15:45:56', 1010, 'CS131'),
 (131, 'FALL', 2022, '2022-08-1 10:22:32', 1010, 'CS241'),
 (132, 'FALL', 2022, '2022-08-1 19:12:32', 1010, 'CS242'),
 (231, 'SPRING', 2023, '2023-01-11 16:45:56', 1010, 'CS441'),
 (232, 'SPRING', 2023, '2023-01-11 14:35:56', 1010, 'CS442'),
 (233, 'SPRING', 2023, '2023-01-11 14:15:56', 1010, 'MA111'),
 (331, 'FALL', 2023, '2023-08-05 18:45:56', 1010, 'CS443'),
 (332, 'FALL', 2023, '2023-08-06 10:15:56', 1010, 'CS231'),
 (333, 'FALL', 2023, '2023-08-07 19:35:56', 1010, 'MA211');
 
 
 -- Insert for Registration for ME for Fall and Spring for 2022, 2023
INSERT INTO Registration (id, semester, year, reg_datetime, student_id, course_id) VALUES
-- student 1
 (3001, 'SPRING', 2022, '2022-01-08 13:12:50', 2008, 'ME111'),
 (3002, 'SPRING', 2022, '2022-01-07 12:42:50', 2008, 'ME131'),
 (3003, 'SPRING', 2022, '2022-01-09 14:22:50', 2008, 'ME141'),
 (3051, 'FALL', 2022, '2022-08-03 16:12:50', 2008, 'ME211'),
 (3052, 'FALL', 2022, '2022-08-04 11:42:50', 2008, 'CS142'),
 (3053, 'FALL', 2022, '2022-08-05 15:22:50', 2008, 'CS141'),
 (3101, 'SPRING', 2023, '2023-01-09 10:12:50', 2008, 'ME411'),
 (3102, 'SPRING', 2023, '2023-01-09 15:42:50', 2008, 'CS241'),
 (3103, 'SPRING', 2023, '2023-01-09 11:22:50', 2008, 'CS242'),
 (3151, 'FALL', 2023, '2023-08-04 10:12:50', 2008, 'ME211'),
 (3152, 'FALL', 2023, '2023-08-07 10:42:50', 2008, 'ME431'),
 (3153, 'FALL', 2023, '2023-08-06 13:22:50', 2008, 'CS111'),
-- student 2
 (3011, 'SPRING', 2022, '2022-01-08 11:12:50', 2009, 'ME121'),
 (3012, 'SPRING', 2022, '2022-01-08 12:42:50', 2009, 'ME151'),
 (3013, 'SPRING', 2022, '2022-01-10 14:22:50', 2009, 'ME161'),
 (3071, 'FALL', 2022, '2022-08-10 16:12:50', 2009, 'ME221'),
 (3072, 'FALL', 2022, '2022-08-12 11:42:50', 2009, 'CS142'),
 (3073, 'FALL', 2022, '2022-08-09 15:22:50', 2009, 'CS141'),
-- dirty line 
 (3121, 'SPRING', 2023, '2023-01-04 10:12:50', 2009, 'ME431'),
 (3122, 'SPRING', 2023, '2023-01-05 15:42:50', 2009, 'CS241'),
 (3123, 'SPRING', 2023, '2023-01-04 11:22:50', 2009, 'CS242'),
 (3171, 'FALL', 2023, '2023-08-02 10:12:50', 2009, 'ME421'),
 (3172, 'FALL', 2023, '2023-08-05 10:42:50', 2009, 'ME431'),
 (3173, 'FALL', 2023, '2023-08-05 13:22:50', 2009, 'ME131');
 
 -- Insert for Registration for MA for Fall and Spring for 2022, and 2023
INSERT INTO Registration (id, semester, year, reg_datetime, student_id, course_id) VALUES 
-- student 1 
 (5001, 'SPRING', 2022, '2022-01-11 13:42:50', 1710, 'MA111'),
 (5002, 'SPRING', 2022, '2022-01-11 13:42:50', 1710, 'MA131'),
 (5003, 'SPRING', 2022, '2022-01-11 13:42:50', 1710, 'MA142'),
 (5051, 'FALL', 2022, '2022-08-03 10:12:50', 1710, 'MA211'),
 (5052, 'FALL', 2022, '2022-08-03 11:12:50', 1710, 'MA231'),
 (5053, 'FALL', 2022, '2022-08-03 11:12:50', 1710, 'CS111'),
 (5101, 'SPRING', 2023, '2023-01-08 17:42:50', 1710, 'MA411'),
 (5102, 'SPRING', 2023, '2023-01-09 15:42:50', 1710, 'MA431'),
 (5103, 'SPRING', 2023, '2023-01-12 10:42:50', 1710, 'CS211'),
 (5151, 'FALL', 2023, '2023-08-03 11:12:50', 1710, 'MA211'),
 (5152, 'FALL', 2023, '2023-08-05 09:12:50', 1710, 'MA231'),
 (5153, 'FALL', 2023, '2023-08-04 14:12:50', 1710, 'CS111'),
-- student 2
 (5111, 'SPRING', 2022, '2022-01-11 13:42:50', 1707, 'MA121'),
 (5112, 'SPRING', 2022, '2022-01-11 13:42:50', 1707, 'MA122'),
 (5113, 'SPRING', 2022, '2022-01-11 13:42:50', 1707, 'MA141'),
-- dirty line
 (5114, 'SPRING', 2022, '2022-01-11 13:42:50', 1707, 'MA241'),
 (5171, 'FALL', 2022, '2022-08-03 10:12:50', 1707, 'MA221'),
 (5172, 'FALL', 2022, '2022-08-03 12:22:50', 1707, 'MA241'),
 (5173, 'FALL', 2022, '2022-08-03 11:02:50', 1710, 'CS111'),
 (5201, 'SPRING', 2023, '2023-01-03 17:12:50', 1707, 'MA421'),
 (5202, 'SPRING', 2023, '2023-01-03 17:12:50', 1707, 'MA441'),
 (5203, 'SPRING', 2023, '2023-01-03 17:12:50', 1707, 'MA142'),  
 (5371, 'FALL', 2023, '2023-08-05 11:12:50', 1707, 'CS112'),
 (5372, 'FALL', 2023, '2023-08-07 09:12:50', 1707, 'CS113'),
 (5373, 'FALL', 2023, '2023-08-02 14:12:50', 1707, 'CS211');
 
 -- Insert for Registration for CE for Fall and Spring for 2022, 2023
INSERT INTO Registration (id, semester, year, reg_datetime, student_id, course_id) VALUES
-- Student 1 for 2 years for both sem
  (4001, 'SPRING', 2022, '2022-1-3 13:42:50', 1103, 'CE111'),
  (4002, 'SPRING', 2022, '2022-1-3 13:42:50', 1103, 'CE121'),
  (4003, 'SPRING', 2022, '2022-1-3 13:42:50', 1103, 'CE161'),
-- dirty line
  (4004, 'SPRING', 2022, '2022-1-4 13:42:50', 1103, 'CE421'),
  (4051, 'FALL', 2022, '2022-8-3 11:42:50', 1103, 'CE221'), 
  (4052, 'FALL', 2022, '2022-8-3 10:12:50', 1103, 'CE131'), 
  (4053, 'FALL', 2022, '2022-8-3 12:14:50', 1103, 'CS111'),
  (4101, 'SPRING', 2023, '2023-1-3 13:42:50', 1103, 'CE421'),
  (4102, 'SPRING', 2023, '2023-1-3 13:42:50', 1103, 'CE511'),
  (4103, 'SPRING', 2023, '2023-1-3 13:42:50', 1103, 'CE161'),
  (4151, 'FALL', 2023, '2023-8-3 11:42:50', 1103, 'MA131'), 
  (4152, 'FALL', 2023, '2023-8-3 10:12:50', 1103, 'MA111'), 
  (4153, 'FALL', 2023, '2023-8-3 12:14:50', 1103, 'MA142'),   
-- Student 2 for 2 years for both sem
  (4011, 'SPRING', 2022, '2022-1-3 15:42:50', 1107, 'CE131'),
  (4012, 'SPRING', 2022, '2022-1-3 15:42:50', 1107, 'CE141'),
  (4013, 'SPRING', 2022, '2022-1-3 16:42:50', 1107, 'CE151'),
  (4071, 'FALL', 2022, '2022-8-3 12:42:50', 1107, 'CE231'), 
  (4072, 'FALL', 2022, '2022-8-3 14:12:50', 1107, 'CE241'), 
  (4073, 'FALL', 2022, '2022-8-3 14:14:50', 1107, 'CS111'),
  (4121, 'SPRING', 2023, '2023-1-3 15:42:50', 1107, 'CE431'),
  (4122, 'SPRING', 2023, '2023-1-3 11:42:50', 1107, 'CE441'),
  (4123, 'SPRING', 2023, '2023-1-3 18:42:50', 1107, 'CE161'),
  (4171, 'FALL', 2023, '2023-8-3 11:12:50', 1107, 'MA131'), 
  (4172, 'FALL', 2023, '2023-8-3 10:32:50', 1107, 'MA111'), 
  (4173, 'FALL', 2023, '2023-8-3 12:24:50', 1107, 'MA142');
 
 
SELECT * FROM Department;
SELECT * FROM Course;
SELECT * FROM Faculty;
SELECT * FROM Teaching;
SELECT * FROM Student;
SELECT * FROM Exam;
SELECT * FROM Program;
SELECT * FROM Specification;
SELECT * FROM Prerequisite;
SELECT * FROM Registration;